RovbaseID,Funnetdato,Skadetype,Rase,"Rase, annet","Skadedato, fra","Skadedato, til",Usikker skadedato,Kjønn,Alder,Antall,Tilstand,Skadeårsak,Vurdering,Skadested,KommuneID,Nord (opprinnelig),Øst (opprinnelig),Nord (UTM33/SWEREF99 TM),Øst (UTM33/SWEREF99 TM),Nord (RT90),Øst (RT90),Koordinatsystem,Stedkvalitet,Kommune,Fylkenummer,Fylke
K465912,22.09.2015,Sau,Norsk kvit sau,,17.09.2015,17.09.2015,Ja,Ukjent,Under 1 år,1,Dødt,Jerv,Antatt sikker,Utmark,1-5034,7049934,647649,7050067,349513,7054410,1309469,WGS84-UTM Sone 32,God,Meråker (N),1-50,Trøndelag (N)
K465587,04.08.2015,Sau,Spel,,01.08.2015,01.08.2015,Ja,Ukjent,Under 1 år,1,Dødt,Jerv,Dokumentert,Utmark,1-5034,7054312,644141,7054755,346431,7059139,1306444,WGS84-UTM Sone 32,God,Meråker (N),1-50,Trøndelag (N)
K471052,21.07.2016,Sau,Norsk kvit sau,,01.07.2016,15.07.2016,Ja,Ukjent,Under 1 år,1,Dødt,Ukjent,Usikker,Utmark,1-5034,7045008,640825,7045801,342258,7050234,1302156,WGS84-UTM Sone 32,Særs god,Meråker (N),1-50,Trøndelag (N)
K471497,19.08.2016,Sau,Spel,,10.07.2016,05.08.2016,Ja,Hann,Under 1 år,1,Dødt,Ukjent,Usikker,Utmark,1-5034,7024324,638804,7025396,338311,7029868,1297950,WGS84-UTM Sone 32,Meget god,Meråker (N),1-50,Trøndelag (N)
K472269,06.09.2016,Sau,Spel,,24.08.2016,31.08.2016,Ja,Ukjent,Under 1 år,1,Dødt,Ukjent,Usikker,Utmark,1-5034,7027639,335969,7027639,335969,7032142,1295635,WGS84-UTM Sone 33,God,Meråker (N),1-50,Trøndelag (N)
K479357,18.08.2017,Sau,Spel,,16.08.2017,17.08.2017,Ja,Ukjent,Under 1 år,1,Dødt,Bjørn,Antatt sikker,Utmark,1-5034,7025618,636749,7026876,336386,7031373,1296043,WGS84-UTM Sone 32,Meget god,Meråker (N),1-50,Trøndelag (N)
K479523,19.08.2017,Sau,Norsk kvit sau,,12.08.2017,18.08.2017,Ja,Ukjent,Under 1 år,1,Dødt,Ukjent,Usikker,Utmark,1-5034,7026449,339405,7026449,339405,7030908,1299058,WGS84-UTM Sone 33,God,Meråker (N),1-50,Trøndelag (N)
K497647,27.06.2018,Sau,Spel,,10.06.2018,20.06.2018,Ja,Ukjent,Under 1 år,1,Dødt,Ukjent,Usikker,Utmark,1-5034,7026272,337220,7026272,337220,7030758,1296870,WGS84-UTM Sone 33,God,Meråker (N),1-50,Trøndelag (N)
K498776,09.08.2018,Sau,Spel,,15.06.2018,01.08.2018,Ja,Ukjent,Under 1 år,1,Dødt,Ukjent,Usikker,Utmark,1-5034,7022789,631797,7024522,331190,7029083,1290815,WGS84-UTM Sone 32,God,Meråker (N),1-50,Trøndelag (N)
K505085,13.08.2019,Sau,Norsk kvit sau,,01.07.2019,01.08.2019,Ja,Ukjent,Ukjent,1,Dødt,Ukjent,Usikker,Utmark,1-5034,7054398,638969,7055325,341289,7059774,1301307,WGS84-UTM Sone 32,God,Meråker (N),1-50,Trøndelag (N)
K511567,26.07.2020,Sau,Spel,,21.07.2020,24.07.2020,Ja,Ukjent,Under 1 år,1,Dødt,Jerv,Antatt sikker,Utmark,1-5034,7057191,345292,7057191,345292,7061591,1305336,WGS84-UTM Sone 33,God,Meråker (N),1-50,Trøndelag (N)
K512430,29.08.2020,Sau,Annet,Svartfjes,25.08.2020,27.08.2020,Ja,Hunn,Voksen,1,Dødt,Bjørn,Dokumentert,Utmark,1-5034,7038581,349538,7038581,349538,7042918,1309349,WGS84-UTM Sone 33,God,Meråker (N),1-50,Trøndelag (N)
K512431,29.08.2020,Sau,Annet,Svartfjes,25.08.2020,27.08.2020,Ja,Ukjent,Under 1 år,1,Dødt,Bjørn,Antatt sikker,Utmark,1-5034,7038590,349617,7038590,349617,7042926,1309428,WGS84-UTM Sone 33,God,Meråker (N),1-50,Trøndelag (N)
K512432,29.08.2020,Sau,Annet,Svartfjes,25.08.2020,27.08.2020,Ja,Hunn,Voksen,1,Dødt,Bjørn,Dokumentert,Utmark,1-5034,7038498,349841,7038498,349841,7042831,1309651,WGS84-UTM Sone 33,God,Meråker (N),1-50,Trøndelag (N)
K512433,29.08.2020,Sau,Annet,Svartfjes,25.08.2020,27.08.2020,Ja,Hunn,Under 1 år,1,Dødt,Bjørn,Dokumentert,Utmark,1-5034,7038446,349821,7038446,349821,7042780,1309631,WGS84-UTM Sone 33,God,Meråker (N),1-50,Trøndelag (N)
K512434,29.08.2020,Sau,Annet,Svartfjes,26.08.2020,28.08.2020,Ja,Hunn,Voksen,1,Dødt,Bjørn,Dokumentert,Utmark,1-5034,7038630,649081,7038478,349778,7042812,1309588,ED50-UTM Sone 32,God,Meråker (N),1-50,Trøndelag (N)
K499263,23.08.2018,Sau,Norsk kvit sau,,19.08.2018,20.08.2018,Ja,Hunn,Åring,1,Dødt,Bjørn,Dokumentert,Utmark,1-5034,7036620,333293,7036620,333293,7041161,1293071,WGS84-UTM Sone 33,God,Meråker (N),1-50,Trøndelag (N)
K479657,25.08.2017,Sau,Norsk kvit sau,,20.08.2017,22.08.2017,Ja,Hunn,Åring,1,Dødt,Bjørn,Dokumentert,Utmark,1-5034,7027901,638712,7028966,338554,7033437,1298238,WGS84-UTM Sone 32,Meget god,Meråker (N),1-50,Trøndelag (N)
K479834,30.08.2017,Sau,Norsk kvit sau,,13.08.2017,15.08.2017,Ja,Hunn,Voksen,1,Dødt,Bjørn,Antatt sikker,Utmark,1-5034,7029883,634649,7031319,334693,7035840,1294406,WGS84-UTM Sone 32,Særs god,Meråker (N),1-50,Trøndelag (N)
K478895,06.08.2017,Sau,Norsk kvit sau,,05.08.2017,06.08.2017,Ja,Hunn,Voksen,1,Dødt,Bjørn,Dokumentert,Utmark,1-5034,7028756,634581,7030203,334520,7034726,1294218,WGS84-UTM Sone 32,Meget god,Meråker (N),1-50,Trøndelag (N)
K479021,03.08.2017,Sau,Norsk kvit sau,,01.08.2017,03.08.2017,Ja,Ukjent,Under 1 år,1,Dødt,Ukjent,Usikker,Utmark,1-5034,7030184,333704,7030184,333704,7034716,1293401,WGS84-UTM Sone 33,Mindre god,Meråker (N),1-50,Trøndelag (N)
K469949,09.07.2016,Sau,Norsk kvit sau,,06.07.2016,08.07.2016,Ja,Hunn,Voksen,1,Dødt,Bjørn,Dokumentert,Utmark,1-5034,7032650,635080,7034034,335381,7038547,1295128,WGS84-UTM Sone 32,Særs god,Meråker (N),1-50,Trøndelag (N)
K469990,11.07.2016,Sau,,,09.07.2016,10.07.2016,Ja,Hunn,Voksen,1,Dødt,Bjørn,Dokumentert,Utmark,1-5034,7030695,634086,7032180,334209,7036708,1293932,WGS84-UTM Sone 32,Særs god,Meråker (N),1-50,Trøndelag (N)
K470124,15.07.2016,Sau,Norsk kvit sau,,14.07.2016,15.07.2016,Ja,Hunn,Voksen,1,Dødt,Bjørn,Dokumentert,Utmark,1-5034,7027826,634812,7029256,334663,7033776,1294350,WGS84-UTM Sone 32,God,Meråker (N),1-50,Trøndelag (N)
K471030,06.08.2016,Sau,Norsk kvit sau,,20.07.2016,30.07.2016,Ja,Hann,Under 1 år,1,Dødt,Ukjent,Usikker,Utmark,1-5034,7029557,633794,7031075,333812,7035606,1293520,WGS84-UTM Sone 32,God,Meråker (N),1-50,Trøndelag (N)
K465652,09.09.2015,Sau,Spel,,09.09.2015,09.09.2015,Ja,Ukjent,Under 1 år,1,Dødt,Jerv,Dokumentert,Utmark,1-5034,7053824,644076,7054275,346320,7058660,1306328,WGS84-UTM Sone 32,God,Meråker (N),1-50,Trøndelag (N)
K479601,20.08.2017,Sau,Spel,,01.08.2017,20.08.2017,Ja,Hunn,Voksen,1,Dødt,Ukjent,Usikker,Utmark,1-5034,7056198,637376,7057266,339872,7061735,1299914,WGS84-UTM Sone 32,God,Meråker (N),1-50,Trøndelag (N)
K504109,23.07.2019,Sau,Norsk kvit sau,,21.07.2019,22.07.2019,Ja,Ukjent,Under 1 år,1,Dødt,Ulv,Dokumentert,Utmark,1-5034,7059052,343045,7059052,343045,7063481,1303111,WGS84-UTM Sone 33,God,Meråker (N),1-50,Trøndelag (N)
K519139,05.10.2021,Sau,Spel,,20.09.2021,30.09.2021,Ja,Ukjent,Under 1 år,1,Dødt,Ukjent,Usikker,Utmark,1-5034,7054554,639542,7055426,341874,7059868,1301894,WGS84-UTM Sone 32,God,Meråker (N),1-50,Trøndelag (N)
K524807,09.09.2022,Sau,Norsk kvit sau,,04.09.2022,07.09.2022,Ja,Hunn,Voksen,1,Dødt,Ukjent,Usikker,Utmark,1-5034,7024123,342819,7024123,342819,7028538,1302445,WGS84-UTM Sone 33,Meget god,Meråker (N),1-50,Trøndelag (N)
K511906,10.08.2020,Sau,Norsk kvit sau,,09.08.2020,10.08.2020,Nei,Hann,Under 1 år,1,Dødt,Ukjent,Usikker,Innmark,1-5034,7022797,343062,7022797,343062,7027208,1302671,WGS84-UTM Sone 33,God,Meråker (N),1-50,Trøndelag (N)
K503240,21.06.2019,Sau,Norsk kvit sau,,18.06.2019,18.06.2019,Nei,Hann,Under 1 år,1,Dødt,Rødrev,Antatt sikker,Innmark,1-5034,7022300,645100,7022792,344391,7027186,1304000,WGS84-UTM Sone 32,God,Meråker (N),1-50,Trøndelag (N)
K503162,17.06.2019,Sau,Norsk kvit sau,,12.06.2019,13.06.2019,Ja,Hunn,Åring,1,Dødt,Sykdom,Antatt sikker,Utmark,1-5034,7023031,344051,7023031,344051,7027430,1303663,WGS84-UTM Sone 33,God,Meråker (N),1-50,Trøndelag (N)
K480628,03.10.2017,Sau,Norsk kvit sau,,24.09.2017,29.09.2017,Ja,Hunn,Voksen,1,Dødt,Ukjent,Usikker,Innmark,1-5034,7021132,344403,7021132,344403,7025525,1303992,WGS84-UTM Sone 33,God,Meråker (N),1-50,Trøndelag (N)
K497279,18.06.2018,Sau,Norsk kvit sau,,10.06.2018,15.06.2018,Ja,Hunn,Under 1 år,1,Skadd og ikke avlivet,Bjørn,Antatt sikker,Utmark,1-5034,7022769,344497,7022769,344497,7027162,1304106,WGS84-UTM Sone 33,God,Meråker (N),1-50,Trøndelag (N)
K497280,18.06.2018,Sau,Norsk kvit sau,,10.06.2018,15.06.2018,Ja,Hunn,Voksen,1,Skadd og ikke avlivet,Bjørn,Antatt sikker,Utmark,1-5034,7022777,344503,7022777,344503,7027170,1304112,WGS84-UTM Sone 33,God,Meråker (N),1-50,Trøndelag (N)
K497282,17.06.2018,Sau,,,25.05.2018,10.06.2018,Ja,Hunn,Voksen,1,Dødt,Ukjent,Usikker,Utmark,1-5034,7022291,645212,7022773,344501,7027165,1304111,WGS84-UTM Sone 32,Meget god,Meråker (N),1-50,Trøndelag (N)
K497208,16.06.2018,Sau,Norsk kvit sau,,11.06.2018,14.06.2018,Ja,Hunn,Voksen,1,Dødt,Ukjent,Usikker,Utmark,1-5034,7020261,345296,7020261,345296,7024642,1304874,WGS84-UTM Sone 33,God,Meråker (N),1-50,Trøndelag (N)
K471420,19.08.2016,Sau,,,18.08.2016,19.08.2016,Nei,Hunn,Åring,1,Skadd og avlivet,Ulv,Antatt sikker,Utmark,1-5034,7010374,350473,7010374,350473,7014685,1309929,WGS84-UTM Sone 33,God,Meråker (N),1-50,Trøndelag (N)
K471427,19.08.2016,Sau,,,18.08.2016,19.08.2016,Nei,Hunn,Voksen,1,Skadd og ikke avlivet,Ulv,Antatt sikker,Utmark,1-5034,7010257,350523,7010257,350523,7014568,1309978,WGS84-UTM Sone 33,God,Meråker (N),1-50,Trøndelag (N)
K471432,19.08.2016,Sau,,,18.08.2016,19.08.2016,Nei,Hann,Under 1 år,1,Skadd og ikke avlivet,Ulv,Antatt sikker,Utmark,1-5034,7010289,350473,7010289,350473,7014600,1309928,WGS84-UTM Sone 33,God,Meråker (N),1-50,Trøndelag (N)
K471436,19.08.2016,Sau,,,18.08.2016,19.08.2016,Nei,Hunn,Under 1 år,1,Skadd og ikke avlivet,Ulv,Antatt sikker,Utmark,1-5034,7010409,350354,7010409,350354,7014722,1309811,WGS84-UTM Sone 33,God,Meråker (N),1-50,Trøndelag (N)
K471439,19.08.2016,Sau,,,18.08.2016,19.08.2016,Nei,Hann,Under 1 år,1,Skadd og avlivet,Ulv,Antatt sikker,Utmark,1-5034,7010328,350490,7010328,350490,7014639,1309946,WGS84-UTM Sone 33,God,Meråker (N),1-50,Trøndelag (N)
K471440,19.08.2016,Sau,,,18.08.2016,19.08.2016,Nei,Ukjent,Under 1 år,1,Dødt,Ulv,Antatt sikker,Utmark,1-5034,7009751,351213,7009751,351213,7014053,1310662,WGS84-UTM Sone 33,God,Meråker (N),1-50,Trøndelag (N)
K471442,19.08.2016,Sau,,,18.08.2016,19.08.2016,Nei,Ukjent,Under 1 år,1,Dødt,Ulv,Antatt sikker,Utmark,1-5034,7010086,350980,7010086,350980,7014391,1310433,WGS84-UTM Sone 33,God,Meråker (N),1-50,Trøndelag (N)
K470285,20.07.2016,Sau,Norsk kvit sau,,20.06.2016,10.07.2016,Ja,Hunn,Voksen,1,Dødt,Ukjent fredet rovvilt,Antatt sikker,Utmark,1-5034,7023104,344747,7023104,344747,7027494,1304361,WGS84-UTM Sone 33,God,Meråker (N),1-50,Trøndelag (N)
K470286,20.07.2016,Sau,Norsk kvit sau,,20.06.2016,10.07.2016,Ja,Hunn,Voksen,1,Dødt,Ukjent fredet rovvilt,Antatt sikker,Utmark,1-5034,7023102,344747,7023102,344747,7027492,1304361,WGS84-UTM Sone 33,God,Meråker (N),1-50,Trøndelag (N)
K471767,24.08.2016,Sau,Norsk kvit sau,,23.08.2016,24.08.2016,Nei,Hunn,Under 1 år,1,Skadd og ikke avlivet,Ulv,Antatt sikker,Utmark,1-5034,7010332,350587,7010332,350587,7014642,1310043,WGS84-UTM Sone 33,Mindre god,Meråker (N),1-50,Trøndelag (N)
K471768,24.08.2016,Sau,Norsk kvit sau,,23.08.2016,24.08.2016,Nei,Hann,Under 1 år,1,Skadd og ikke avlivet,Ulv,Antatt sikker,Utmark,1-5034,7010502,350333,7010502,350333,7014815,1309791,WGS84-UTM Sone 33,Mindre god,Meråker (N),1-50,Trøndelag (N)
K471770,24.08.2016,Sau,Norsk kvit sau,,23.08.2016,24.08.2016,Nei,Hunn,Voksen,1,Skadd og avlivet,Ulv,Antatt sikker,Utmark,1-5034,7010586,349910,7010586,349910,7014905,1309369,WGS84-UTM Sone 33,Mindre god,Meråker (N),1-50,Trøndelag (N)
K471771,24.08.2016,Sau,Norsk kvit sau,,23.08.2016,24.08.2016,Nei,Hunn,Voksen,1,Skadd og avlivet,Ulv,Antatt sikker,Utmark,1-5034,7009994,350418,7009994,350418,7014306,1309870,WGS84-UTM Sone 33,Mindre god,Meråker (N),1-50,Trøndelag (N)
K471772,25.08.2016,Sau,Norsk kvit sau,,24.08.2016,25.08.2016,Nei,Hunn,Under 1 år,1,Skadd og avlivet,Ulv,Antatt sikker,Utmark,1-5034,7019345,346186,7019345,346186,7023715,1305753,WGS84-UTM Sone 33,Mindre god,Meråker (N),1-50,Trøndelag (N)
K476765,28.05.2017,Sau,Norsk kvit sau,,27.05.2017,28.05.2017,Ja,Hunn,Voksen,1,Dødt,Ikke rovvilt,Dokumentert,Utmark,1-5034,7023104,343943,7023104,343943,7027504,1303556,WGS84-UTM Sone 33,God,Meråker (N),1-50,Trøndelag (N)
K476848,03.06.2017,Sau,Norsk kvit sau,,03.06.2017,03.06.2017,Nei,Hunn,Voksen,1,Dødt,Bjørn,Dokumentert,Utmark,1-5034,7022458,642940,7023151,342255,7027572,1301868,WGS84-UTM Sone 32,Meget god,Meråker (N),1-50,Trøndelag (N)
K477153,11.06.2017,Sau,Norsk kvit sau,,07.06.2017,10.06.2017,Ja,Hunn,Voksen,1,Dødt,Ukjent fredet rovvilt,Antatt sikker,Utmark,1-5034,7021504,644468,7022059,343687,7026461,1303287,WGS84-UTM Sone 32,Særs god,Meråker (N),1-50,Trøndelag (N)
K477209,13.06.2017,Sau,Norsk kvit sau,,07.06.2017,09.06.2017,Ja,Hunn,Voksen,1,Dødt,Bjørn,Dokumentert,Utmark,1-5034,7020677,644959,7021189,344099,7025586,1303688,WGS84-UTM Sone 32,Særs god,Meråker (N),1-50,Trøndelag (N)
K478461,23.07.2017,Sau,Norsk kvit sau,,12.06.2017,24.06.2017,Ja,Hunn,Voksen,1,Dødt,Ukjent,Usikker,Utmark,1-5034,7022914,342555,7022914,342555,7027331,1302165,WGS84-UTM Sone 33,God,Meråker (N),1-50,Trøndelag (N)
K478467,23.07.2017,Sau,Norsk kvit sau,,22.07.2017,23.07.2017,Ja,Hunn,Voksen,1,Dødt,Bjørn,Dokumentert,Utmark,1-5034,7022145,643444,7022792,342727,7027208,1302336,WGS84-UTM Sone 32,Meget god,Meråker (N),1-50,Trøndelag (N)
K470433,26.07.2016,Sau,Norsk kvit sau,,25.07.2016,26.07.2016,Nei,Hunn,Voksen,1,Dødt,Bjørn,Dokumentert,Utmark,1-5034,7023585,643784,7024194,343201,7028604,1302827,WGS84-UTM Sone 32,God,Meråker (N),1-50,Trøndelag (N)
K499261,28.08.2018,Sau,Norsk kvit sau,,25.08.2018,27.08.2018,Ja,Hann,Under 1 år,1,Dødt,Gaupe,Antatt sikker,Utmark,1-5034,7021755,342530,7021755,342530,7026172,1302126,WGS84-UTM Sone 33,God,Meråker (N),1-50,Trøndelag (N)
K499713,12.09.2018,Sau,Annet,"Kryssing, grå trønder/gammelnorsk spæl",11.09.2018,12.09.2018,Ja,Hunn,Voksen,1,Dødt,Bjørn,Dokumentert,Utmark,1-5034,7041508,340366,7041508,340366,7045962,1300209,WGS84-UTM Sone 33,God,Meråker (N),1-50,Trøndelag (N)
K479773,30.08.2017,Sau,Annet,"Kryssing, grå trønder/gammelnorsk spæl",29.08.2017,29.08.2017,Nei,Hunn,Voksen,1,Dødt,Bjørn,Dokumentert,Utmark,1-5034,7039136,640004,7040032,340891,7044479,1300716,WGS84-UTM Sone 32,Meget god,Meråker (N),1-50,Trøndelag (N)
K497564,26.06.2018,Sau,Norsk kvit sau,,25.06.2018,25.06.2018,Nei,Hunn,Voksen,1,Dødt,Bjørn,Dokumentert,Utmark,1-5034,7028441,339405,7028441,339405,7032901,1299083,WGS84-UTM Sone 33,God,Meråker (N),1-50,Trøndelag (N)
K497977,08.07.2018,Sau,Norsk kvit sau,,08.07.2018,08.07.2018,Nei,Hunn,Voksen,1,Dødt,Bjørn,Dokumentert,Utmark,1-5034,7030855,339691,7030855,339691,7035312,1299400,WGS84-UTM Sone 33,God,Meråker (N),1-50,Trøndelag (N)
K498602,05.08.2018,Sau,Norsk kvit sau,,01.08.2018,01.08.2018,Nei,Hunn,Voksen,1,Dødt,Bjørn,Antatt sikker,Utmark,1-5034,7025044,337642,7025044,337642,7029524,1297277,WGS84-UTM Sone 33,God,Meråker (N),1-50,Trøndelag (N)
K498378,25.07.2018,Sau,Norsk kvit sau,,25.07.2018,25.07.2018,Nei,Hunn,Voksen,1,Dødt,Bjørn,Dokumentert,Utmark,1-5034,7028959,340375,7028959,340375,7033407,1300060,WGS84-UTM Sone 33,God,Meråker (N),1-50,Trøndelag (N)
K470687,01.08.2016,Sau,,,30.07.2016,31.07.2016,Nei,Hunn,Åring,1,Skadd og avlivet,Bjørn,Dokumentert,Utmark,1-5034,7027540,635510,7028906,335332,7033417,1295014,WGS84-UTM Sone 32,Meget god,Meråker (N),1-50,Trøndelag (N)
K478679,30.07.2017,Sau,Norsk kvit sau,,30.07.2017,30.07.2017,Nei,Hunn,Voksen,1,Dødt,Bjørn,Dokumentert,Utmark,1-5034,7027423,640116,7028359,339907,7032812,1299585,WGS84-UTM Sone 32,Meget god,Meråker (N),1-50,Trøndelag (N)
K479520,15.08.2017,Sau,Norsk kvit sau,,15.07.2017,30.07.2017,Ja,Hunn,Voksen,1,Dødt,Ukjent,Usikker,Utmark,1-5034,7028904,639495,7029891,339427,7034352,1299124,WGS84-UTM Sone 32,Særs god,Meråker (N),1-50,Trøndelag (N)
K473389,05.10.2016,Sau,Norsk kvit sau,,15.08.2016,10.09.2016,Ja,Hunn,Voksen,1,Dødt,Ukjent,Usikker,Utmark,1-5034,7025353,337528,7025353,337528,7029835,1297166,WGS84-UTM Sone 33,God,Meråker (N),1-50,Trøndelag (N)
K523433,18.07.2022,Sau,Norsk kvit sau,,01.07.2022,10.07.2022,Ja,Hunn,Voksen,1,Skadd og avlivet,Ukjent,Usikker,Utmark,1-5034,7027860,340890,7027860,340890,7032301,1300562,WGS84-UTM Sone 33,God,Meråker (N),1-50,Trøndelag (N)
K511923,11.08.2020,Sau,Spel,,09.08.2020,10.08.2020,Ja,Hunn,Åring,1,Dødt,Bjørn,Dokumentert,Utmark,1-5034,7034706,341174,7034706,341174,7039147,1300932,WGS84-UTM Sone 33,God,Meråker (N),1-50,Trøndelag (N)
K512036,15.08.2020,Sau,Spel,,13.08.2020,14.08.2020,Ja,Hunn,Voksen,1,Dødt,Bjørn,Dokumentert,Utmark,1-5034,7035922,341303,7035922,341303,7040362,1301076,WGS84-UTM Sone 33,God,Meråker (N),1-50,Trøndelag (N)
K512687,09.09.2020,Sau,Spel,,05.09.2020,07.09.2020,Ja,Hann,Under 1 år,1,Dødt,Bjørn,Dokumentert,Utmark,1-5034,7035249,341508,7035249,341508,7039686,1301273,WGS84-UTM Sone 33,God,Meråker (N),1-50,Trøndelag (N)
K512768,14.09.2020,Sau,Spel,,11.09.2020,12.09.2020,Ja,Hann,Under 1 år,1,Dødt,Bjørn,Dokumentert,Utmark,1-5034,7035414,339287,7035414,339287,7039879,1299053,WGS84-UTM Sone 33,God,Meråker (N),1-50,Trøndelag (N)
K504149,23.07.2019,Sau,Spel,,16.07.2019,18.07.2019,Ja,Ukjent,Under 1 år,1,Dødt,Ulv,Antatt sikker,Utmark,1-5034,7034102,640884,7034937,341296,7039376,1301057,WGS84-UTM Sone 32,God,Meråker (N),1-50,Trøndelag (N)
K478200,15.07.2017,Sau,Spel,,12.07.2017,13.07.2017,Ja,Hunn,Voksen,1,Dødt,Bjørn,Dokumentert,Utmark,1-5034,7042230,641430,7042979,342600,7047406,1302463,WGS84-UTM Sone 32,God,Meråker (N),1-50,Trøndelag (N)
K498723,08.08.2018,Sau,Norsk kvit sau,,05.08.2018,06.08.2018,Ja,Hann,Under 1 år,1,Dødt,Ukjent,Usikker,Utmark,1-5034,7038149,347692,7038149,347692,7042509,1307497,WGS84-UTM Sone 33,God,Meråker (N),1-50,Trøndelag (N)
K503163,19.06.2019,Sau,Spel,,18.06.2019,19.06.2019,Ja,Hunn,Voksen,1,Dødt,Ulv,Dokumentert,Utmark,1-5034,7040924,343903,7040924,343903,7045333,1303741,WGS84-UTM Sone 33,God,Meråker (N),1-50,Trøndelag (N)
K503164,19.06.2019,Sau,Spel,,18.06.2019,19.06.2019,Ja,Hann,Under 1 år,1,Dødt,Ulv,Dokumentert,Utmark,1-5034,7041068,343817,7041068,343817,7045479,1303657,WGS84-UTM Sone 33,God,Meråker (N),1-50,Trøndelag (N)
K503165,19.06.2019,Sau,Spel,,18.06.2019,19.06.2019,Ja,Hunn,Under 1 år,1,Dødt,Ulv,Dokumentert,Utmark,1-5034,7041007,343852,7041007,343852,7045417,1303691,WGS84-UTM Sone 33,God,Meråker (N),1-50,Trøndelag (N)
K503166,19.06.2019,Sau,Spel,,18.06.2019,19.06.2019,Ja,Hunn,Under 1 år,1,Dødt,Ulv,Antatt sikker,Utmark,1-5034,7041024,343835,7041024,343835,7045434,1303674,WGS84-UTM Sone 33,God,Meråker (N),1-50,Trøndelag (N)
K503167,19.06.2019,Sau,Spel,,18.06.2019,19.06.2019,Ja,Hunn,Voksen,1,Dødt,Ulv,Dokumentert,Utmark,1-5034,7040992,343852,7040992,343852,7045402,1303691,WGS84-UTM Sone 33,God,Meråker (N),1-50,Trøndelag (N)
K503168,19.06.2019,Sau,Spel,,18.06.2019,18.06.2019,Nei,Hunn,Åring,1,Dødt,Ulv,Dokumentert,Utmark,1-5034,7040947,343788,7040947,343788,7045358,1303626,WGS84-UTM Sone 33,God,Meråker (N),1-50,Trøndelag (N)
K503179,20.06.2019,Sau,Spel,,18.06.2019,19.06.2019,Ja,Hunn,Voksen,1,Skadd og avlivet,Ulv,Dokumentert,Utmark,1-5034,7042624,343121,7042624,343121,7047044,1302980,WGS84-UTM Sone 33,God,Meråker (N),1-50,Trøndelag (N)
K503180,20.06.2019,Sau,Spel,,18.06.2019,19.06.2019,Ja,Hann,Under 1 år,1,Skadd og avlivet,Ulv,Dokumentert,Utmark,1-5034,7042625,343125,7042625,343125,7047045,1302984,WGS84-UTM Sone 33,God,Meråker (N),1-50,Trøndelag (N)
K503181,20.06.2019,Sau,Spel,,18.06.2019,19.06.2019,Ja,Hunn,Voksen,1,Skadd og avlivet,Ulv,Antatt sikker,Utmark,1-5034,7042637,343134,7042637,343134,7047057,1302993,WGS84-UTM Sone 33,God,Meråker (N),1-50,Trøndelag (N)
K503182,20.06.2019,Sau,Spel,,18.06.2019,19.06.2019,Ja,Hann,Under 1 år,1,Skadd og avlivet,Ulv,Dokumentert,Utmark,1-5034,7042500,343208,7042500,343208,7046919,1303065,WGS84-UTM Sone 33,God,Meråker (N),1-50,Trøndelag (N)
K503195,20.06.2019,Sau,Spel,,18.06.2019,19.06.2019,Ja,Hunn,Voksen,1,Skadd og avlivet,Ulv,Dokumentert,Utmark,1-5034,7041064,642434,7041724,343491,7046139,1303339,WGS84-UTM Sone 32,God,Meråker (N),1-50,Trøndelag (N)
K503238,21.06.2019,Sau,Spel,,18.06.2019,19.06.2019,Nei,Hann,Under 1 år,1,Skadd og avlivet,Ulv,Dokumentert,Utmark,1-5034,7040623,642657,7041264,343672,7045676,1303514,WGS84-UTM Sone 32,God,Meråker (N),1-50,Trøndelag (N)
K503239,21.06.2019,Sau,Spel,,18.06.2019,19.06.2019,Ja,Ukjent,Under 1 år,1,Dødt,Ulv,Dokumentert,Utmark,1-5034,7045583,645558,7045931,347024,7050303,1306927,WGS84-UTM Sone 32,God,Meråker (N),1-50,Trøndelag (N)
K503088,16.06.2019,Sau,Spel,,07.06.2019,12.06.2019,Ja,Hunn,Under 1 år,1,Dødt,Ukjent,Usikker,Utmark,1-5034,7040524,643426,7041093,344428,7045496,1304268,WGS84-UTM Sone 32,God,Meråker (N),1-50,Trøndelag (N)
K503244,22.06.2019,Sau,Spel,,17.06.2019,19.06.2019,Ja,Ukjent,Under 1 år,1,Dødt,Ulv,Antatt sikker,Utmark,1-5034,7040688,642579,7041336,343600,7045749,1303443,WGS84-UTM Sone 32,God,Meråker (N),1-50,Trøndelag (N)
K503340,24.06.2019,Sau,Spel,,24.06.2019,24.06.2019,Nei,Hunn,Åring,1,Skadd og avlivet,Ulv,Dokumentert,Utmark,1-5034,7043363,342447,7043363,342447,7047792,1302315,WGS84-UTM Sone 33,God,Meråker (N),1-50,Trøndelag (N)
K503341,24.06.2019,Sau,Spel,,24.06.2019,24.06.2019,Nei,Hunn,Voksen,1,Dødt,Ulv,Dokumentert,Utmark,1-5034,7043575,342312,7043575,342312,7048006,1302182,WGS84-UTM Sone 33,God,Meråker (N),1-50,Trøndelag (N)
K503347,24.06.2019,Sau,Spel,,23.06.2019,24.06.2019,Ja,Ukjent,Under 1 år,1,Skadd og avlivet,Ulv,Dokumentert,Utmark,1-5034,7041430,642197,7042111,343289,7046528,1303142,WGS84-UTM Sone 32,Særs god,Meråker (N),1-50,Trøndelag (N)
K503556,01.07.2019,Sau,Spel,,10.06.2019,24.06.2019,Ja,Ukjent,Under 1 år,1,Skadd og avlivet,Ulv,Antatt sikker,Utmark,1-5034,7038323,640756,7039152,341564,7043590,1301378,WGS84-UTM Sone 32,Mindre god,Meråker (N),1-50,Trøndelag (N)
K504046,21.07.2019,Sau,Spel,,16.07.2019,18.07.2019,Ja,Hunn,Åring,1,Dødt,Ulv,Antatt sikker,Utmark,1-5034,7035066,341303,7035066,341303,7039505,1301066,WGS84-UTM Sone 33,God,Meråker (N),1-50,Trøndelag (N)
K504048,21.07.2019,Sau,Spel,,16.07.2019,18.07.2019,Ja,Hunn,Under 1 år,1,Dødt,Ulv,Dokumentert,Utmark,1-5034,7035063,341260,7035063,341260,7039503,1301023,WGS84-UTM Sone 33,God,Meråker (N),1-50,Trøndelag (N)
K504050,06.07.2019,Sau,Spel,,09.06.2019,25.06.2019,Ja,Ukjent,Under 1 år,1,Skadd og avlivet,Ulv,Antatt sikker,Utmark,1-5034,7033778,638856,7034804,339247,7039269,1299005,WGS84-UTM Sone 32,God,Meråker (N),1-50,Trøndelag (N)
K504051,06.07.2019,Sau,Spel,,09.06.2019,25.06.2019,Ja,Ukjent,Under 1 år,1,Skadd og avlivet,Ulv,Antatt sikker,Utmark,1-5034,7033778,638846,7034805,339237,7039270,1298995,WGS84-UTM Sone 32,God,Meråker (N),1-50,Trøndelag (N)
K504052,06.07.2019,Sau,Spel,,09.06.2019,25.06.2019,Ja,Ukjent,Under 1 år,1,Skadd og avlivet,Ulv,Antatt sikker,Utmark,1-5034,7033783,638861,7034809,339252,7039274,1299011,WGS84-UTM Sone 32,God,Meråker (N),1-50,Trøndelag (N)
K504053,06.07.2019,Sau,Spel,,09.06.2019,25.06.2019,Ja,Ukjent,Under 1 år,1,Skadd og avlivet,Ulv,Antatt sikker,Utmark,1-5034,7033782,638859,7034808,339250,7039273,1299008,WGS84-UTM Sone 32,God,Meråker (N),1-50,Trøndelag (N)
K504054,06.07.2019,Sau,Spel,,09.06.2019,25.06.2019,Ja,Ukjent,Under 1 år,1,Skadd og avlivet,Ulv,Antatt sikker,Utmark,1-5034,7033777,638856,7034803,339247,7039268,1299005,WGS84-UTM Sone 32,God,Meråker (N),1-50,Trøndelag (N)
K504056,06.07.2019,Sau,Spel,,09.06.2019,25.06.2019,Ja,Ukjent,Åring,1,Skadd og avlivet,Ulv,Antatt sikker,Utmark,1-5034,7033786,638871,7034811,339262,7039276,1299021,WGS84-UTM Sone 32,God,Meråker (N),1-50,Trøndelag (N)
K470921,06.08.2016,Sau,Norsk kvit sau,,05.08.2016,06.08.2016,Ja,Hunn,Voksen,1,Dødt,Bjørn,Dokumentert,Utmark,1-5034,7021761,643043,7022448,342292,7026868,1301897,WGS84-UTM Sone 32,Særs god,Meråker (N),1-50,Trøndelag (N)
K469816,07.07.2016,Sau,Norsk kvit sau,,04.07.2016,07.07.2016,Ja,Hunn,Voksen,1,Dødt,Bjørn,Antatt sikker,Utmark,1-5034,7014590,645660,7015063,344228,7019455,1303740,WGS84-UTM Sone 32,Særs god,Meråker (N),1-50,Trøndelag (N)
K470065,14.07.2016,Sau,Norsk kvit sau,,13.07.2016,14.07.2016,Ja,Hunn,Under 1 år,1,Skadd og ikke avlivet,Bjørn,Antatt sikker,Utmark,1-5034,7048272,644106,7048744,345830,7053133,1305768,WGS84-UTM Sone 32,Særs god,Meråker (N),1-50,Trøndelag (N)
K470069,14.07.2016,Sau,Norsk kvit sau,,13.07.2016,14.07.2016,Ja,Hann,Under 1 år,1,Skadd og ikke avlivet,Bjørn,Antatt sikker,Utmark,1-5034,7048341,346620,7048341,346620,7052720,1306553,WGS84-UTM Sone 33,God,Meråker (N),1-50,Trøndelag (N)
K470071,14.07.2016,Sau,Norsk kvit sau,,13.07.2016,14.07.2016,Ja,Hunn,Voksen,1,Skadd og avlivet,Bjørn,Dokumentert,Utmark,1-5034,7048272,644106,7048744,345830,7053133,1305768,WGS84-UTM Sone 32,Særs god,Meråker (N),1-50,Trøndelag (N)
K471049,01.08.2016,Sau,Norsk kvit sau,,15.07.2016,01.08.2016,Ja,Ukjent,Under 1 år,1,Dødt,Ukjent,Usikker,Utmark,1-5034,7045813,642923,7046407,344422,7050812,1304329,WGS84-UTM Sone 32,Særs god,Meråker (N),1-50,Trøndelag (N)
K503786,09.07.2019,Sau,Norsk kvit sau,,10.06.2019,24.06.2019,Ja,Hunn,Voksen,1,Skadd og ikke avlivet,Ulv,Antatt sikker,Utmark,1-5034,7043310,644936,7043726,346192,7048108,1306066,WGS84-UTM Sone 32,God,Meråker (N),1-50,Trøndelag (N)
K503930,14.07.2019,Sau,Norsk kvit sau,,23.06.2019,25.06.2019,Ja,Hunn,Under 1 år,1,Dødt,Ulv,Antatt sikker,Utmark,1-5034,7044784,644791,7045207,346186,7049590,1306079,WGS84-UTM Sone 32,God,Meråker (N),1-50,Trøndelag (N)
K503933,14.07.2019,Sau,Norsk kvit sau,,24.06.2019,24.06.2019,Ja,Hunn,Voksen,1,Dødt,Ukjent,Usikker,Utmark,1-5034,7044950,644687,7045382,346098,7049766,1305993,WGS84-UTM Sone 32,Mindre god,Meråker (N),1-50,Trøndelag (N)
K503935,14.07.2019,Sau,Norsk kvit sau,,23.06.2019,25.06.2019,Ja,Hunn,Under 1 år,1,Dødt,Ukjent,Usikker,Utmark,1-5034,7044934,644722,7045363,346131,7049746,1306026,WGS84-UTM Sone 32,Meget god,Meråker (N),1-50,Trøndelag (N)
K503936,15.07.2019,Sau,Norsk kvit sau,,15.06.2019,25.06.2019,Ja,Hunn,Åring,1,Dødt,Ukjent,Usikker,Utmark,1-5034,7045764,644620,7046199,346107,7050583,1306013,WGS84-UTM Sone 32,Meget god,Meråker (N),1-50,Trøndelag (N)
K503937,15.07.2019,Sau,Norsk kvit sau,,22.06.2019,25.06.2019,Ja,Hunn,Voksen,1,Dødt,Ukjent,Usikker,Utmark,1-5034,7044493,642920,7045093,344296,7049499,1304186,WGS84-UTM Sone 32,Meget god,Meråker (N),1-50,Trøndelag (N)
K504090,22.07.2019,Sau,Norsk kvit sau,,20.07.2019,20.07.2019,Nei,Hann,Under 1 år,1,Skadd og ikke avlivet,Ulv,Antatt sikker,Utmark,1-5034,7048379,643947,7048866,345682,7053256,1305621,WGS84-UTM Sone 32,God,Meråker (N),1-50,Trøndelag (N)
K503352,24.06.2019,Sau,Norsk kvit sau,,10.06.2019,19.06.2019,Ja,Hunn,Voksen,1,Skadd og ikke avlivet,Ulv,Antatt sikker,Utmark,1-5034,7048872,643266,7049420,345050,7053819,1304996,WGS84-UTM Sone 32,God,Meråker (N),1-50,Trøndelag (N)
K503346,25.06.2019,Sau,Norsk kvit sau,,10.06.2019,19.06.2019,Ja,Hann,Under 1 år,1,Skadd og avlivet,Ulv,Dokumentert,Utmark,1-5034,7048718,643274,7049266,345044,7053665,1304987,WGS84-UTM Sone 32,God,Meråker (N),1-50,Trøndelag (N)
K503241,22.06.2019,Sau,Norsk kvit sau,,10.06.2019,18.06.2019,Ja,Hunn,Voksen,1,Skadd og avlivet,Ulv,Dokumentert,Utmark,1-5034,7046739,646785,7046967,348354,7051323,1308270,WGS84-UTM Sone 32,God,Meråker (N),1-50,Trøndelag (N)
K503242,22.06.2019,Sau,Norsk kvit sau,,10.06.2019,19.06.2019,Ja,Ukjent,Under 1 år,1,Skadd og avlivet,Ulv,Antatt sikker,Utmark,1-5034,7043106,645159,7043502,346395,7047881,1306267,WGS84-UTM Sone 32,Mindre god,Meråker (N),1-50,Trøndelag (N)
K500679,03.08.2018,Sau,Norsk kvit sau,,15.07.2018,25.07.2018,Ja,Hunn,Voksen,1,Dødt,Ukjent,Usikker,Utmark,1-5034,7036819,643762,7037373,344416,7041774,1304209,WGS84-UTM Sone 32,God,Meråker (N),1-50,Trøndelag (N)
K500681,06.08.2018,Sau,Norsk kvit sau,,15.07.2018,25.07.2018,Ja,Hunn,Voksen,1,Dødt,Ukjent,Usikker,Utmark,1-5034,7036711,643370,7037302,344016,7041708,1303808,WGS84-UTM Sone 32,God,Meråker (N),1-50,Trøndelag (N)
K502917,10.06.2019,Sau,Norsk kvit sau,,09.06.2019,09.06.2019,Nei,Hunn,Voksen,1,Dødt,Ulv,Antatt sikker,Utmark,1-5034,7046083,643777,7046595,345298,7050990,1305208,WGS84-UTM Sone 32,God,Meråker (N),1-50,Trøndelag (N)
K502918,10.06.2019,Sau,Norsk kvit sau,,09.06.2019,09.06.2019,Nei,Hunn,Under 1 år,1,Dødt,Ulv,Antatt sikker,Utmark,1-5034,7045965,644446,7046415,345953,7050802,1305861,WGS84-UTM Sone 32,God,Meråker (N),1-50,Trøndelag (N)
K503002,13.06.2019,Sau,Norsk kvit sau,,09.06.2019,10.06.2019,Nei,Hann,Under 1 år,1,Dødt,Ulv,Dokumentert,Utmark,1-5034,7045584,645559,7045932,347025,7050304,1306928,WGS84-UTM Sone 32,God,Meråker (N),1-50,Trøndelag (N)
K503003,13.06.2019,Sau,Norsk kvit sau,,09.06.2019,10.06.2019,Nei,Hunn,Voksen,1,Dødt,Ulv,Dokumentert,Utmark,1-5034,7045663,645582,7046008,347056,7050380,1306959,WGS84-UTM Sone 32,God,Meråker (N),1-50,Trøndelag (N)
K499593,06.09.2018,Sau,Norsk kvit sau,,15.07.2018,01.08.2018,Ja,Hunn,Under 1 år,1,Dødt,Ukjent,Usikker,Utmark,1-5034,7055150,636130,7056339,338533,7060824,1298563,WGS84-UTM Sone 32,God,Meråker (N),1-50,Trøndelag (N)
K497949,07.07.2018,Sau,Norsk kvit sau,,07.07.2018,07.07.2018,Nei,Hunn,Voksen,1,Dødt,Bjørn,Dokumentert,Utmark,1-5034,7034177,346571,7034177,346571,7038549,1306325,WGS84-UTM Sone 33,God,Meråker (N),1-50,Trøndelag (N)
K498342,24.07.2018,Sau,Norsk kvit sau,,19.07.2018,20.07.2018,Nei,Hunn,Voksen,1,Dødt,Bjørn,Antatt sikker,Utmark,1-5034,7036512,344478,7036512,344478,7040912,1304260,WGS84-UTM Sone 33,God,Meråker (N),1-50,Trøndelag (N)
K479829,30.08.2017,Sau,,,30.08.2017,30.08.2017,Nei,Hunn,Voksen,1,Dødt,Bjørn,Dokumentert,Utmark,1-5034,7042249,644914,7042672,346071,7047055,1305932,WGS84-UTM Sone 32,Særs god,Meråker (N),1-50,Trøndelag (N)
K479960,06.09.2017,Sau,Norsk kvit sau,,01.08.2017,31.08.2017,Ja,Hunn,Voksen,1,Dødt,Ukjent,Usikker,Utmark,1-5034,7036187,645259,7036604,345847,7040987,1305632,WGS84-UTM Sone 32,Særs god,Meråker (N),1-50,Trøndelag (N)
K505368,06.09.2019,Sau,Norsk kvit sau,,02.09.2019,03.09.2019,Nei,Hunn,Voksen,1,Dødt,Ulv,Dokumentert,Utmark,1-5034,7047428,646066,7047720,347703,7052085,1307628,WGS84-UTM Sone 32,God,Meråker (N),1-50,Trøndelag (N)
K505669,17.09.2019,Sau,Norsk kvit sau,,02.09.2019,03.09.2019,Nei,Hunn,Under 1 år,1,Skadd og avlivet,Ulv,Antatt sikker,Utmark,1-5034,7046505,645457,7046858,347010,7051232,1306924,WGS84-UTM Sone 32,God,Meråker (N),1-50,Trøndelag (N)
K505670,17.09.2019,Sau,Norsk kvit sau,,15.07.2019,15.08.2019,Ja,Hunn,Under 1 år,1,Skadd og ikke avlivet,Ulv,Antatt sikker,Utmark,1-5034,7042702,641412,7043451,342627,7047877,1302496,WGS84-UTM Sone 32,God,Meråker (N),1-50,Trøndelag (N)
K505671,17.09.2019,Sau,Norsk kvit sau,,02.09.2019,03.09.2019,Ja,Hann,Under 1 år,1,Skadd og ikke avlivet,Ulv,Antatt sikker,Utmark,1-5034,7048185,645957,7048484,347665,7052850,1307600,WGS84-UTM Sone 32,God,Meråker (N),1-50,Trøndelag (N)
K512596,29.08.2020,Sau,Norsk kvit sau,,20.08.2020,21.08.2020,Ja,Hunn,Voksen,1,Dødt,Ukjent,Usikker,Utmark,1-5034,7035589,643049,7036215,343591,7040626,1303369,WGS84-UTM Sone 32,God,Meråker (N),1-50,Trøndelag (N)
K510855,03.07.2020,Sau,Norsk kvit sau,,27.06.2020,28.06.2020,Ja,Hunn,Åring,1,Dødt,Bjørn,Antatt sikker,Utmark,1-5034,7049190,343729,7049190,343729,7053606,1303671,WGS84-UTM Sone 33,God,Meråker (N),1-50,Trøndelag (N)
K517377,01.08.2021,Sau,Norsk kvit sau,,03.07.2021,24.07.2021,Ja,Ukjent,Under 1 år,1,Dødt,Ukjent,Usikker,Utmark,1-5034,7045214,642987,7045804,344430,7050209,1304329,WGS84-UTM Sone 32,Særs god,Meråker (N),1-50,Trøndelag (N)
K511432,23.07.2020,Sau,Norsk kvit sau,,19.07.2020,22.07.2020,Ja,Ukjent,Under 1 år,1,Dødt,Kongeørn,Dokumentert,Utmark,1-5034,7045412,348802,7045412,348802,7049762,1308699,WGS84-UTM Sone 33,God,Meråker (N),1-50,Trøndelag (N)
K511702,25.07.2020,Sau,,,05.07.2020,19.07.2020,Nei,Hunn,Voksen,1,Dødt,Ukjent,Usikker,Utmark,1-5034,7057888,638526,7058841,341175,7063294,1301238,WGS84-UTM Sone 32,God,Meråker (N),1-50,Trøndelag (N)
K504809,15.08.2019,Sau,Norsk kvit sau,,12.08.2019,13.08.2019,Ja,Ukjent,Under 1 år,1,Dødt,Ulv,Dokumentert,Utmark,1-5034,7057579,343362,7057579,343362,7062004,1303410,WGS84-UTM Sone 33,God,Meråker (N),1-50,Trøndelag (N)
K504810,11.08.2019,Sau,Spel,,01.08.2019,04.08.2019,Ja,Hunn,Voksen,1,Dødt,Ukjent,Usikker,Utmark,1-5034,7055796,638655,7056746,341108,7061199,1301144,WGS84-UTM Sone 32,Mindre god,Meråker (N),1-50,Trøndelag (N)
K504222,27.07.2019,Sau,Norsk kvit sau,,18.07.2019,23.07.2019,Ja,Ukjent,Under 1 år,1,Dødt,Ulv,Antatt sikker,Utmark,1-5034,7056844,641488,7057524,344027,7061940,1304074,WGS84-UTM Sone 32,God,Meråker (N),1-50,Trøndelag (N)
K504812,15.08.2019,Sau,Spel,,12.08.2019,13.08.2019,Ja,Ukjent,Under 1 år,1,Dødt,Ulv,Antatt sikker,Utmark,1-5034,7056647,642771,7057208,345286,7061608,1305329,WGS84-UTM Sone 32,God,Meråker (N),1-50,Trøndelag (N)
K524142,13.08.2022,Sau,Spel,,28.07.2022,11.08.2022,Ja,Ukjent,Under 1 år,1,Dødt,Ukjent,Usikker,Utmark,1-5034,7057093,637926,7058106,340503,7062567,1300556,WGS84-UTM Sone 32,God,Meråker (N),1-50,Trøndelag (N)
K480460,21.09.2017,Sau,Spel,,20.08.2017,10.09.2017,Ja,Ukjent,Under 1 år,1,Dødt,Jerv,Dokumentert,Utmark,1-5034,7055385,637256,7056468,339676,7060938,1299708,WGS84-UTM Sone 32,Meget god,Meråker (N),1-50,Trøndelag (N)
K499594,06.09.2018,Sau,Spel,,01.09.2018,05.09.2018,Ja,Hunn,Under 1 år,1,Dødt,Jerv,Dokumentert,Utmark,1-5034,7055323,638157,7056322,340567,7060781,1300598,WGS84-UTM Sone 32,God,Meråker (N),1-50,Trøndelag (N)
K499714,06.09.2018,Sau,Spel,,01.09.2018,05.09.2018,Ja,Hunn,Under 1 år,1,Dødt,Jerv,Dokumentert,Utmark,1-5034,7056402,339273,7056402,339273,7060878,1299304,WGS84-UTM Sone 33,God,Meråker (N),1-50,Trøndelag (N)
K499742,07.09.2018,Sau,Spel,,02.09.2018,07.09.2018,Ja,Hann,Under 1 år,1,Skadd og avlivet,Jerv,Antatt sikker,Utmark,1-5034,7055448,636916,7056562,339344,7061037,1299376,WGS84-UTM Sone 32,God,Meråker (N),1-50,Trøndelag (N)
K503951,17.07.2019,Sau,Spel,,11.07.2019,15.07.2019,Ja,Ukjent,Under 1 år,1,Dødt,Ukjent,Usikker,Utmark,1-5034,7057411,341645,7057411,341645,7061857,1301690,WGS84-UTM Sone 33,God,Meråker (N),1-50,Trøndelag (N)
K478521,25.07.2017,Sau,Spel,,23.07.2017,24.07.2017,Ja,Ukjent,Under 1 år,1,Dødt,Kongeørn,Dokumentert,Utmark,1-5034,7057864,640069,7058673,342709,7063106,1302770,WGS84-UTM Sone 32,Særs god,Meråker (N),1-50,Trøndelag (N)
K504110,23.07.2019,Sau,Spel,,18.07.2019,20.07.2019,Ja,Hunn,Under 1 år,1,Dødt,Ulv,Usikker,Utmark,1-5034,7058982,342757,7058982,342757,7063415,1302822,WGS84-UTM Sone 33,God,Meråker (N),1-50,Trøndelag (N)
K518739,16.09.2021,Sau,Spel,,13.09.2021,14.09.2021,Ja,Ukjent,Under 1 år,1,Dødt,Ukjent,Usikker,Utmark,1-5034,7053619,345022,7053619,345022,7058021,1305020,WGS84-UTM Sone 33,God,Meråker (N),1-50,Trøndelag (N)
K516733,03.07.2021,Sau,Spel,,15.06.2021,26.06.2021,Ja,Ukjent,Under 1 år,1,Dødt,Ukjent,Usikker,Utmark,1-5034,7057721,640610,7058480,343235,7062906,1303293,WGS84-UTM Sone 32,God,Meråker (N),1-50,Trøndelag (N)
K511768,01.08.2020,Sau,Spel,,28.07.2020,31.07.2020,Ja,Ukjent,Under 1 år,1,Dødt,Ukjent,Usikker,Utmark,1-5034,7057404,346261,7057404,346261,7061792,1306308,WGS84-UTM Sone 33,God,Meråker (N),1-50,Trøndelag (N)
K470434,27.07.2016,Sau,Norsk kvit sau,,23.07.2016,24.07.2016,Ja,Hunn,Åring,1,Dødt,Bjørn,Dokumentert,Utmark,1-5034,7026760,632641,7028397,332402,7032945,1292076,WGS84-UTM Sone 32,God,Meråker (N),1-50,Trøndelag (N)
K470651,29.07.2016,Sau,Norsk kvit sau,,20.07.2016,24.07.2016,Ja,Hunn,Voksen,1,Dødt,Bjørn,Dokumentert,Utmark,1-5034,7027469,633004,7029069,332830,7033612,1292513,WGS84-UTM Sone 32,God,Meråker (N),1-50,Trøndelag (N)
K470653,29.07.2016,Sau,Norsk kvit sau,,20.07.2016,24.07.2016,Ja,Ukjent,Under 1 år,1,Dødt,Bjørn,Antatt sikker,Utmark,1-5034,7027365,633053,7028961,332869,7033504,1292550,WGS84-UTM Sone 32,Meget god,Meråker (N),1-50,Trøndelag (N)
K471018,04.08.2016,Sau,Norsk kvit sau,,22.07.2016,30.07.2016,Ja,Hunn,Voksen,1,Dødt,Bjørn,Antatt sikker,Utmark,1-5034,7027811,633306,7029382,333162,7033921,1292849,WGS84-UTM Sone 32,Meget god,Meråker (N),1-50,Trøndelag (N)
K471019,10.08.2016,Sau,Spel,,15.07.2016,25.07.2016,Ja,Hann,Under 1 år,1,Skadd og avlivet,Bjørn,Antatt sikker,Utmark,1-5034,7027778,634198,7029265,334048,7033793,1293734,WGS84-UTM Sone 32,God,Meråker (N),1-50,Trøndelag (N)
K471021,07.08.2016,Sau,Spel,,15.07.2016,24.07.2016,Ja,Hunn,Voksen,1,Dødt,Ukjent,Usikker,Utmark,1-5034,7028150,633967,7029657,333852,7034188,1293543,WGS84-UTM Sone 32,Meget god,Meråker (N),1-50,Trøndelag (N)
K471492,23.08.2016,Sau,Spel,,23.08.2016,23.08.2016,Nei,Hunn,Voksen,1,Dødt,Bjørn,Dokumentert,Utmark,1-5034,7026238,635957,7027568,335655,7032074,1295320,WGS84-UTM Sone 32,Meget god,Meråker (N),1-50,Trøndelag (N)
K471493,17.08.2016,Sau,Spel,,02.08.2016,05.08.2016,Ja,Hunn,Voksen,1,Dødt,Bjørn,Antatt sikker,Utmark,1-5034,7028428,638871,7029476,338761,7033944,1298452,WGS84-UTM Sone 32,Meget god,Meråker (N),1-50,Trøndelag (N)
K471494,17.08.2016,Sau,Spel,,09.08.2016,10.08.2016,Ja,Hunn,Voksen,1,Dødt,Bjørn,Dokumentert,Utmark,1-5034,7028239,639038,7029272,338910,7033738,1298598,WGS84-UTM Sone 32,Meget god,Meråker (N),1-50,Trøndelag (N)
K471496,20.08.2016,Sau,Spel,,15.07.2016,05.08.2016,Ja,Hunn,Voksen,1,Dødt,Ukjent,Usikker,Utmark,1-5034,7025982,634024,7027493,333706,7032024,1293370,WGS84-UTM Sone 32,Meget god,Meråker (N),1-50,Trøndelag (N)
K470432,26.07.2016,Sau,Spel,,23.07.2016,24.07.2016,Ja,Hunn,Voksen,1,Dødt,Bjørn,Dokumentert,Utmark,1-5034,7028306,637370,7029495,337255,7033982,1296946,WGS84-UTM Sone 32,God,Meråker (N),1-50,Trøndelag (N)
K470689,01.08.2016,Sau,Spel,,29.07.2016,30.07.2016,Nei,Hunn,Voksen,1,Dødt,Bjørn,Dokumentert,Utmark,1-5034,7026038,634782,7027478,334466,7032000,1294130,WGS84-UTM Sone 32,Meget god,Meråker (N),1-50,Trøndelag (N)
K470729,02.08.2016,Sau,Spel,,15.07.2016,24.07.2016,Ja,Hunn,Under 1 år,1,Skadd og avlivet,Ukjent fredet rovvilt,Antatt sikker,Utmark,1-5034,7026792,633530,7028346,333290,7032883,1292964,WGS84-UTM Sone 32,God,Meråker (N),1-50,Trøndelag (N)
K470923,07.08.2016,Sau,Norsk kvit sau,,02.08.2016,04.08.2016,Ja,Hunn,Voksen,1,Dødt,Bjørn,Dokumentert,Utmark,1-5034,7024730,640763,7025617,340300,7030064,1299943,WGS84-UTM Sone 32,Særs god,Meråker (N),1-50,Trøndelag (N)
K470925,05.08.2016,Sau,Norsk kvit sau,,02.08.2016,04.08.2016,Ja,Hunn,Voksen,1,Dødt,Bjørn,Dokumentert,Utmark,1-5034,7015587,640040,7016581,338725,7021043,1298254,WGS84-UTM Sone 32,Særs god,Meråker (N),1-50,Trøndelag (N)
K470928,07.08.2016,Sau,Spel,,01.08.2016,04.08.2016,Ja,Hunn,Voksen,1,Dødt,Bjørn,Dokumentert,Utmark,1-5034,7023258,638012,7024408,337423,7028891,1297049,WGS84-UTM Sone 32,Særs god,Meråker (N),1-50,Trøndelag (N)
K470929,07.08.2016,Sau,Spel,,01.08.2016,04.08.2016,Ja,Hann,Under 1 år,1,Dødt,Bjørn,Dokumentert,Utmark,1-5034,7023258,638085,7024401,337495,7028883,1297122,WGS84-UTM Sone 32,Særs god,Meråker (N),1-50,Trøndelag (N)
K470930,07.08.2016,Sau,Spel,,01.08.2016,04.08.2016,Ja,Hunn,Voksen,1,Dødt,Bjørn,Dokumentert,Utmark,1-5034,7023361,638197,7024494,337617,7028974,1297244,WGS84-UTM Sone 32,Særs god,Meråker (N),1-50,Trøndelag (N)
K470128,15.07.2016,Sau,Spel,,14.07.2016,14.07.2016,Nei,Hunn,Voksen,1,Dødt,Bjørn,Dokumentert,Utmark,1-5034,7028009,635052,7029416,334920,7033932,1294608,WGS84-UTM Sone 32,God,Meråker (N),1-50,Trøndelag (N)
K470210,18.07.2016,Sau,,,16.07.2016,17.07.2016,Ja,Hann,Åring,1,Dødt,Bjørn,Dokumentert,Utmark,1-5034,7026301,634923,7027727,334631,7032246,1294298,WGS84-UTM Sone 32,God,Meråker (N),1-50,Trøndelag (N)
K470213,18.07.2016,Sau,Spel,,17.07.2016,18.07.2016,Ja,Hunn,Voksen,1,Dødt,Ulv,Antatt sikker,Utmark,1-5034,7026200,637203,7027413,336892,7031904,1296556,WGS84-UTM Sone 32,Særs god,Meråker (N),1-50,Trøndelag (N)
K470214,18.07.2016,Sau,Spel,,17.07.2016,18.07.2016,Ja,Ukjent,Under 1 år,1,Dødt,Ulv,Antatt sikker,Utmark,1-5034,7026200,637203,7027413,336892,7031904,1296556,WGS84-UTM Sone 32,Særs god,Meråker (N),1-50,Trøndelag (N)
K470215,18.07.2016,Sau,Spel,,17.07.2016,18.07.2016,Nei,Ukjent,Under 1 år,1,Dødt,Ulv,Antatt sikker,Utmark,1-5034,7026200,637203,7027413,336892,7031904,1296556,WGS84-UTM Sone 32,Særs god,Meråker (N),1-50,Trøndelag (N)
K470270,19.07.2016,Sau,Spel,,16.07.2016,18.07.2016,Ja,Hunn,Voksen,1,Skadd og avlivet,Ulv,Antatt sikker,Utmark,1-5034,7026079,636890,7027322,336569,7031817,1296232,WGS84-UTM Sone 32,Særs god,Meråker (N),1-50,Trøndelag (N)
K469989,10.07.2016,Sau,Spel,,07.07.2016,09.07.2016,Nei,Hunn,Under 1 år,1,Dødt,Bjørn,Dokumentert,Utmark,1-5034,7018189,630486,7020064,329455,7024645,1289023,WGS84-UTM Sone 32,God,Meråker (N),1-50,Trøndelag (N)
K469789,07.07.2016,Sau,Spel,,06.07.2016,06.07.2016,Nei,Hunn,Åring,1,Dødt,Bjørn,Dokumentert,Utmark,1-5034,7022207,631878,7023935,331217,7028496,1290834,WGS84-UTM Sone 32,God,Meråker (N),1-50,Trøndelag (N)
K469790,07.07.2016,Sau,Spel,,06.07.2016,06.07.2016,Nei,Hann,Under 1 år,1,Skadd og avlivet,Bjørn,Dokumentert,Utmark,1-5034,7022643,631616,7024394,330997,7028957,1290620,WGS84-UTM Sone 32,God,Meråker (N),1-50,Trøndelag (N)
K478539,27.07.2017,Sau,,,26.07.2017,26.07.2017,Nei,Hunn,Åring,1,Dødt,Bjørn,Dokumentert,Utmark,1-5034,7028936,636425,7030210,336373,7034709,1296072,WGS84-UTM Sone 32,Meget god,Meråker (N),1-50,Trøndelag (N)
K478540,26.07.2017,Sau,Spel,,26.07.2017,26.07.2017,Nei,Hunn,Voksen,1,Dødt,Bjørn,Dokumentert,Utmark,1-5034,7024790,639690,7025777,339237,7030237,1298881,WGS84-UTM Sone 32,Meget god,Meråker (N),1-50,Trøndelag (N)
K478515,18.07.2017,Sau,Spel,,15.07.2017,16.07.2017,Ja,Ukjent,Under 1 år,1,Dødt,Bjørn,Antatt sikker,Utmark,1-5034,7028710,637676,7029868,337598,7034352,1297293,WGS84-UTM Sone 32,Særs god,Meråker (N),1-50,Trøndelag (N)
K478516,18.07.2017,Sau,Spel,,15.07.2017,16.07.2017,Ja,Ukjent,Under 1 år,1,Dødt,Bjørn,Antatt sikker,Utmark,1-5034,7028741,637728,7029894,337653,7034377,1297348,WGS84-UTM Sone 32,Særs god,Meråker (N),1-50,Trøndelag (N)
K478518,24.07.2017,Sau,Spel,,15.07.2017,19.07.2017,Ja,Ukjent,Under 1 år,1,Dødt,Ukjent fredet rovvilt,Antatt sikker,Utmark,1-5034,7027742,635681,7029091,335521,7033600,1295205,WGS84-UTM Sone 32,Meget god,Meråker (N),1-50,Trøndelag (N)
K478519,24.07.2017,Sau,Spel,,18.07.2017,20.07.2017,Ja,Ukjent,Under 1 år,1,Dødt,Bjørn,Dokumentert,Utmark,1-5034,7029823,635807,7031151,335841,7035657,1295552,WGS84-UTM Sone 32,Særs god,Meråker (N),1-50,Trøndelag (N)
K478262,15.07.2017,Sau,Spel,,15.07.2017,15.07.2017,Nei,Hann,Under 1 år,1,Dødt,Bjørn,Antatt sikker,Utmark,1-5034,7029700,637880,7030835,337894,7035315,1297601,WGS84-UTM Sone 32,God,Meråker (N),1-50,Trøndelag (N)
K478264,16.07.2017,Sau,Spel,,15.07.2017,16.07.2017,Nei,Hunn,Voksen,1,Skadd og avlivet,Bjørn,Dokumentert,Utmark,1-5034,7030478,638713,7031532,338796,7036001,1298513,WGS84-UTM Sone 32,Særs god,Meråker (N),1-50,Trøndelag (N)
K478265,16.07.2017,Sau,Spel,,15.07.2017,16.07.2017,Nei,Hunn,Voksen,1,Dødt,Bjørn,Dokumentert,Utmark,1-5034,7030097,637717,7031246,337768,7035727,1297481,WGS84-UTM Sone 32,Særs god,Meråker (N),1-50,Trøndelag (N)
K478267,16.07.2017,Sau,Spel,,15.07.2017,16.07.2017,Nei,Hunn,Voksen,1,Dødt,Bjørn,Dokumentert,Utmark,1-5034,7028771,637643,7029932,337571,7034416,1297267,WGS84-UTM Sone 32,Særs god,Meråker (N),1-50,Trøndelag (N)
K478453,19.07.2017,Sau,Spel,,15.07.2017,18.07.2017,Ja,Ukjent,Under 1 år,1,Dødt,Bjørn,Antatt sikker,Utmark,1-5034,7029823,635807,7031151,335841,7035657,1295552,WGS84-UTM Sone 32,Særs god,Meråker (N),1-50,Trøndelag (N)
K478455,19.07.2017,Sau,Spel,,18.07.2017,18.07.2017,Nei,Hunn,Voksen,1,Dødt,Bjørn,Dokumentert,Utmark,1-5034,7028004,635658,7029354,335522,7033863,1295210,WGS84-UTM Sone 32,Særs god,Meråker (N),1-50,Trøndelag (N)
K478456,19.07.2017,Sau,Spel,,18.07.2017,18.07.2017,Nei,Hunn,Voksen,1,Dødt,Bjørn,Dokumentert,Utmark,1-5034,7027534,635799,7028873,335619,7033380,1295301,WGS84-UTM Sone 32,Særs god,Meråker (N),1-50,Trøndelag (N)
K478458,19.07.2017,Sau,Spel,,18.07.2017,18.07.2017,Nei,Hunn,Voksen,1,Dødt,Bjørn,Dokumentert,Utmark,1-5034,7028035,635711,7029380,335578,7033888,1295266,WGS84-UTM Sone 32,Særs god,Meråker (N),1-50,Trøndelag (N)
K478460,19.07.2017,Sau,Spel,,18.07.2017,18.07.2017,Nei,Hunn,Voksen,1,Dødt,Bjørn,Dokumentert,Utmark,1-5034,7027824,635900,7029152,335747,7033658,1295432,WGS84-UTM Sone 32,Særs god,Meråker (N),1-50,Trøndelag (N)
K479521,19.08.2017,Sau,Spel,,01.08.2017,15.08.2017,Ja,Hann,Under 1 år,1,Dødt,Bjørn,Antatt sikker,Utmark,1-5034,7021462,647606,7021724,346808,7026087,1306405,WGS84-UTM Sone 32,Særs god,Meråker (N),1-50,Trøndelag (N)
K479522,20.08.2017,Sau,Norsk kvit sau,,20.08.2017,20.08.2017,Nei,Hunn,Voksen,1,Dødt,Bjørn,Dokumentert,Utmark,1-5034,7028082,638296,7029185,338156,7033661,1297843,WGS84-UTM Sone 32,Særs god,Meråker (N),1-50,Trøndelag (N)
K479214,17.08.2017,Sau,Spel,,16.08.2017,16.08.2017,Nei,Hunn,Åring,1,Dødt,Bjørn,Dokumentert,Utmark,1-5034,7027045,635562,7028408,335337,7032919,1295013,WGS84-UTM Sone 32,Meget god,Meråker (N),1-50,Trøndelag (N)
K479355,18.08.2017,Sau,Spel,,16.08.2017,17.08.2017,Ja,Hunn,Voksen,1,Dødt,Bjørn,Dokumentert,Utmark,1-5034,7025897,636233,7027202,335898,7031706,1295559,WGS84-UTM Sone 32,Meget god,Meråker (N),1-50,Trøndelag (N)
K479356,18.08.2017,Sau,Spel,,16.08.2017,17.08.2017,Ja,Hunn,Voksen,1,Dødt,Bjørn,Dokumentert,Utmark,1-5034,7025786,636237,7027091,335892,7031595,1295551,WGS84-UTM Sone 32,Meget god,Meråker (N),1-50,Trøndelag (N)
K478681,30.07.2017,Sau,Spel,,28.07.2017,29.07.2017,Ja,Hunn,Voksen,1,Dødt,Bjørn,Dokumentert,Utmark,1-5034,7026379,640988,7027238,340678,7031681,1300341,WGS84-UTM Sone 32,Meget god,Meråker (N),1-50,Trøndelag (N)
K478735,01.08.2017,Sau,Spel,,01.08.2017,01.08.2017,Nei,Hunn,Voksen,1,Dødt,Bjørn,Dokumentert,Utmark,1-5034,7027926,638526,7029008,338371,7033481,1298056,WGS84-UTM Sone 32,Meget god,Meråker (N),1-50,Trøndelag (N)
K478464,24.07.2017,Sau,Spel,,18.07.2017,19.07.2017,Ja,Hunn,Voksen,1,Dødt,Bjørn,Dokumentert,Utmark,1-5034,7028116,635827,7029450,335701,7033957,1295390,WGS84-UTM Sone 32,Meget god,Meråker (N),1-50,Trøndelag (N)
K479019,31.07.2017,Sau,Norsk kvit sau,,30.07.2017,31.07.2017,Nei,Hunn,Voksen,1,Dødt,Bjørn,Dokumentert,Utmark,1-5034,7026500,640443,7027409,340146,7031859,1299812,WGS84-UTM Sone 32,Særs god,Meråker (N),1-50,Trøndelag (N)
K479020,01.08.2017,Sau,Norsk kvit sau,,13.07.2017,20.07.2017,Ja,Hunn,Voksen,1,Dødt,Ukjent,Usikker,Utmark,1-5034,7028726,637874,7029866,337797,7034346,1297492,WGS84-UTM Sone 32,Særs god,Meråker (N),1-50,Trøndelag (N)
K472267,06.09.2016,Sau,Spel,,27.08.2016,28.08.2016,Nei,Hunn,Voksen,1,Dødt,Bjørn,Dokumentert,Utmark,1-5034,7026190,636082,7027508,335775,7032013,1295440,WGS84-UTM Sone 32,Særs god,Meråker (N),1-50,Trøndelag (N)
K471498,19.08.2016,Sau,Spel,,15.07.2016,05.08.2016,Ja,Hunn,Voksen,1,Dødt,Ukjent,Usikker,Utmark,1-5034,7024240,638814,7025311,338313,7029783,1297951,WGS84-UTM Sone 32,Meget god,Meråker (N),1-50,Trøndelag (N)
K471657,28.08.2016,Sau,Norsk kvit sau,,10.08.2016,25.08.2016,Ja,Hann,Under 1 år,1,Skadd og avlivet,Bjørn,Antatt sikker,Utmark,1-5034,7021952,336577,7021952,336577,7026444,1296172,WGS84-UTM Sone 33,God,Meråker (N),1-50,Trøndelag (N)
K471658,28.08.2016,Sau,Norsk kvit sau,,10.08.2016,24.08.2016,Ja,Ukjent,Under 1 år,1,Skadd og ikke avlivet,Bjørn,Antatt sikker,Utmark,1-5034,7020957,336569,7020957,336569,7025449,1296152,WGS84-UTM Sone 33,God,Meråker (N),1-50,Trøndelag (N)
K471659,28.08.2016,Sau,Norsk kvit sau,,20.07.2016,10.08.2016,Ja,Ukjent,Under 1 år,1,Dødt,Ukjent,Usikker,Utmark,1-5034,7022322,330526,7022322,330526,7026890,1290123,WGS84-UTM Sone 33,God,Meråker (N),1-50,Trøndelag (N)
K471204,12.08.2016,Sau,Spel,,11.08.2016,12.08.2016,Ja,Hunn,Voksen,1,Dødt,Bjørn,Dokumentert,Utmark,1-5034,7025355,641610,7026160,341201,7030596,1300852,WGS84-UTM Sone 32,Meget god,Meråker (N),1-50,Trøndelag (N)
K471209,14.08.2016,Sau,,,10.07.2016,01.08.2016,Ja,Hunn,Voksen,1,Dødt,Ukjent,Usikker,Utmark,1-5034,7025983,634015,7027495,333698,7032026,1293361,WGS84-UTM Sone 32,Særs god,Meråker (N),1-50,Trøndelag (N)
K478192,15.07.2017,Sau,Spel,,15.07.2017,15.07.2017,Nei,Hunn,Voksen,1,Dødt,Bjørn,Dokumentert,Utmark,1-5034,7029748,637887,7030882,337905,7035362,1297613,WGS84-UTM Sone 32,Særs god,Meråker (N),1-50,Trøndelag (N)
K478193,15.07.2017,Sau,Spel,,15.07.2017,15.07.2017,Nei,Hunn,Voksen,1,Dødt,Bjørn,Dokumentert,Utmark,1-5034,7029692,637840,7030831,337853,7035311,1297561,WGS84-UTM Sone 32,Særs god,Meråker (N),1-50,Trøndelag (N)
K498650,06.08.2018,Sau,Spel,,06.08.2018,06.08.2018,Nei,Hunn,Voksen,1,Dødt,Bjørn,Dokumentert,Utmark,1-5034,7026900,341971,7026900,341971,7031327,1301631,WGS84-UTM Sone 33,God,Meråker (N),1-50,Trøndelag (N)
K499264,14.08.2018,Sau,Spel,,31.07.2018,03.08.2018,Ja,Hunn,Voksen,1,Dødt,Bjørn,Antatt sikker,Utmark,1-5034,7024003,331186,7024003,331186,7028564,1290804,WGS84-UTM Sone 33,God,Meråker (N),1-50,Trøndelag (N)
K498537,02.08.2018,Sau,Spel,,02.08.2018,02.08.2018,Nei,Hunn,Voksen,1,Dødt,Bjørn,Dokumentert,Utmark,1-5034,7025745,338291,7025745,338291,7030217,1297935,WGS84-UTM Sone 33,God,Meråker (N),1-50,Trøndelag (N)
K498357,25.07.2018,Sau,Spel,,25.07.2018,25.07.2018,Nei,Hunn,Åring,1,Dødt,Bjørn,Dokumentert,Utmark,1-5034,7028060,340839,7028060,340839,7032502,1300513,WGS84-UTM Sone 33,God,Meråker (N),1-50,Trøndelag (N)
K497952,08.07.2018,Sau,Spel,,02.07.2018,03.07.2018,Ja,Hunn,Åring,1,Dødt,Bjørn,Dokumentert,Utmark,1-5034,7031824,338213,7031824,338213,7036300,1297933,WGS84-UTM Sone 33,God,Meråker (N),1-50,Trøndelag (N)
K497970,08.07.2018,Sau,Spel,,08.07.2018,08.07.2018,Nei,Hunn,Voksen,1,Skadd og avlivet,Bjørn,Dokumentert,Utmark,1-5034,7031389,340323,7031389,340323,7035839,1300039,WGS84-UTM Sone 33,God,Meråker (N),1-50,Trøndelag (N)
K498772,11.08.2018,Sau,Spel,,05.08.2018,07.08.2018,Ja,Ukjent,Under 1 år,1,Dødt,Bjørn,Antatt sikker,Utmark,1-5034,7026955,341752,7026955,341752,7031384,1301413,WGS84-UTM Sone 33,God,Meråker (N),1-50,Trøndelag (N)
K498773,11.08.2018,Sau,Spel,,05.08.2018,07.08.2018,Ja,Ukjent,Under 1 år,1,Dødt,Bjørn,Dokumentert,Utmark,1-5034,7026939,341770,7026939,341770,7031368,1301431,WGS84-UTM Sone 33,God,Meråker (N),1-50,Trøndelag (N)
K498774,12.08.2018,Sau,Spel,,04.08.2018,06.08.2018,Ja,Hunn,Voksen,1,Dødt,Bjørn,Dokumentert,Utmark,1-5034,7027763,341136,7027763,341136,7032201,1300807,WGS84-UTM Sone 33,God,Meråker (N),1-50,Trøndelag (N)
K498775,09.08.2018,Sau,Spel,,15.07.2018,01.08.2018,Ja,Hunn,Åring,1,Dødt,Ukjent,Usikker,Utmark,1-5034,7020989,630743,7022828,329973,7027404,1289575,WGS84-UTM Sone 32,God,Meråker (N),1-50,Trøndelag (N)
K498648,06.08.2018,Sau,Spel,,06.08.2018,06.08.2018,Nei,Hunn,Voksen,1,Dødt,Bjørn,Dokumentert,Utmark,1-5034,7026945,342020,7026945,342020,7031371,1301681,WGS84-UTM Sone 33,God,Meråker (N),1-50,Trøndelag (N)
K479959,05.09.2017,Sau,Spel,,02.09.2017,05.09.2017,Ja,Ukjent,Under 1 år,1,Dødt,Ukjent fredet rovvilt,Dokumentert,Utmark,1-5034,7019430,647391,7019720,346404,7024088,1305976,WGS84-UTM Sone 32,Særs god,Meråker (N),1-50,Trøndelag (N)
K479824,27.08.2017,Sau,Norsk kvit sau,,15.08.2017,25.08.2017,Ja,Hunn,Voksen,1,Dødt,Ukjent,Usikker,Utmark,1-5034,7025252,638928,7026308,338521,7030778,1298172,WGS84-UTM Sone 32,Særs god,Meråker (N),1-50,Trøndelag (N)
K479835,31.08.2017,Sau,Spel,,01.08.2017,30.08.2017,Ja,Hunn,Under 1 år,1,Skadd og avlivet,Bjørn,Antatt sikker,Utmark,1-5034,7029355,337753,7029355,337753,7033836,1297442,WGS84-UTM Sone 33,God,Meråker (N),1-50,Trøndelag (N)
K471211,14.08.2016,Sau,Spel,,15.07.2016,05.08.2016,Ja,Hunn,Voksen,1,Dødt,Bjørn,Dokumentert,Utmark,1-5034,7025333,633161,7026928,332786,7031470,1292442,WGS84-UTM Sone 32,Særs god,Meråker (N),1-50,Trøndelag (N)
K479578,24.08.2017,Sau,Spel,,20.08.2017,22.08.2017,Ja,Hunn,Under 1 år,1,Dødt,Bjørn,Dokumentert,Utmark,1-5034,7023590,638084,7024732,337526,7029214,1297156,WGS84-UTM Sone 32,Meget god,Meråker (N),1-50,Trøndelag (N)
K479579,23.08.2017,Sau,Spel,,22.08.2017,22.08.2017,Nei,Hunn,Voksen,1,Dødt,Bjørn,Dokumentert,Utmark,1-5034,7024502,637512,7025694,337041,7030182,1296684,WGS84-UTM Sone 32,Meget god,Meråker (N),1-50,Trøndelag (N)
K479582,22.08.2017,Sau,Spel,,01.07.2017,15.08.2017,Ja,Hunn,Voksen,1,Dødt,Ukjent,Usikker,Utmark,1-5034,7026507,638003,7027644,337718,7032125,1297385,WGS84-UTM Sone 32,God,Meråker (N),1-50,Trøndelag (N)
K479658,27.08.2017,Sau,Spel,,25.08.2017,26.08.2017,Ja,Hunn,Åring,1,Skadd og avlivet,Bjørn,Dokumentert,Utmark,1-5034,7029794,637042,7031007,337068,7035497,1296777,WGS84-UTM Sone 32,Meget god,Meråker (N),1-50,Trøndelag (N)
K479659,27.08.2017,Sau,Spel,,21.08.2017,22.08.2017,Ja,Hunn,Ukjent,1,Dødt,Bjørn,Dokumentert,Utmark,1-5034,7024345,638495,7025445,338005,7029921,1297645,WGS84-UTM Sone 32,Meget god,Meråker (N),1-50,Trøndelag (N)
K479661,27.08.2017,Sau,Norsk kvit sau,,24.08.2017,25.08.2017,Ja,Hunn,Voksen,1,Dødt,Bjørn,Dokumentert,Utmark,1-5034,7029859,637873,7030994,337901,7035474,1297611,WGS84-UTM Sone 32,Særs god,Meråker (N),1-50,Trøndelag (N)
K497600,27.06.2018,Sau,Spel,,26.06.2018,26.06.2018,Nei,Hunn,Voksen,1,Dødt,Bjørn,Dokumentert,Utmark,1-5034,7028889,340760,7028889,340760,7033332,1300445,WGS84-UTM Sone 33,God,Meråker (N),1-50,Trøndelag (N)
K497646,27.06.2018,Sau,Spel,,18.06.2018,24.06.2018,Ja,Hunn,Voksen,1,Dødt,Bjørn,Dokumentert,Utmark,1-5034,7028352,338306,7028352,338306,7032826,1297983,WGS84-UTM Sone 33,God,Meråker (N),1-50,Trøndelag (N)
K497260,18.06.2018,Sau,Spel,,12.06.2018,15.06.2018,Ja,Hunn,Voksen,1,Dødt,Bjørn,Dokumentert,Utmark,1-5034,7026404,337385,7026404,337385,7030888,1297037,WGS84-UTM Sone 33,God,Meråker (N),1-50,Trøndelag (N)
K497263,18.06.2018,Sau,Spel,,10.06.2018,14.06.2018,Ja,Hann,Under 1 år,1,Dødt,Bjørn,Antatt sikker,Utmark,1-5034,7027634,337738,7027634,337738,7032114,1297405,WGS84-UTM Sone 33,God,Meråker (N),1-50,Trøndelag (N)
K497366,20.06.2018,Sau,Spel,,12.06.2018,15.06.2018,Ja,Hunn,Åring,1,Dødt,Bjørn,Dokumentert,Utmark,1-5034,7025322,636913,7026566,336521,7031061,1296175,WGS84-UTM Sone 32,God,Meråker (N),1-50,Trøndelag (N)
K496848,05.06.2018,Sau,Spel,,04.06.2018,04.06.2018,Nei,Hunn,Åring,1,Dødt,Bjørn,Dokumentert,Utmark,1-5034,7026809,637552,7027987,337297,7032473,1296968,WGS84-UTM Sone 32,God,Meråker (N),1-50,Trøndelag (N)
K496858,06.06.2018,Sau,Spel,,02.06.2018,05.06.2018,Ja,Ukjent,Under 1 år,1,Dødt,Ukjent,Usikker,Utmark,1-5034,7028043,337335,7028043,337335,7032529,1297007,WGS84-UTM Sone 33,God,Meråker (N),1-50,Trøndelag (N)
K497001,12.06.2018,Sau,Spel,,12.06.2018,12.06.2018,Nei,Hunn,Voksen,1,Skadd og avlivet,Bjørn,Dokumentert,Utmark,1-5034,7030197,335978,7030197,335978,7034701,1295677,WGS84-UTM Sone 33,God,Meråker (N),1-50,Trøndelag (N)
K497072,13.06.2018,Sau,Spel,,12.06.2018,13.06.2018,Ja,Hunn,Voksen,1,Skadd og avlivet,Bjørn,Dokumentert,Utmark,1-5034,7032003,335861,7032003,335861,7036509,1295582,WGS84-UTM Sone 33,God,Meråker (N),1-50,Trøndelag (N)
K497115,13.06.2018,Sau,Spel,,10.06.2018,12.06.2018,Nei,Hunn,Under 1 år,1,Dødt,Bjørn,Dokumentert,Utmark,1-5034,7029732,336081,7029732,336081,7034234,1295774,WGS84-UTM Sone 33,God,Meråker (N),1-50,Trøndelag (N)
K497116,13.06.2018,Sau,Spel,,12.06.2018,13.06.2018,Ja,Hann,Under 1 år,1,Dødt,Bjørn,Dokumentert,Utmark,1-5034,7028361,636188,7029660,336084,7034162,1295776,WGS84-UTM Sone 32,God,Meråker (N),1-50,Trøndelag (N)
K497169,15.06.2018,Sau,Spel,,12.06.2018,14.06.2018,Ja,Ukjent,Under 1 år,1,Dødt,Bjørn,Dokumentert,Utmark,1-5034,7027099,336244,7027099,336244,7031598,1295904,WGS84-UTM Sone 33,God,Meråker (N),1-50,Trøndelag (N)
K497170,15.06.2018,Sau,Spel,,12.06.2018,14.06.2018,Ja,Hunn,Voksen,1,Dødt,Bjørn,Dokumentert,Utmark,1-5034,7027099,336244,7027099,336244,7031598,1295904,WGS84-UTM Sone 33,God,Meråker (N),1-50,Trøndelag (N)
K497173,15.06.2018,Sau,Spel,,12.06.2018,13.06.2018,Nei,Hunn,Voksen,1,Dødt,Bjørn,Dokumentert,Utmark,1-5034,7025725,636482,7027008,336130,7031508,1295788,WGS84-UTM Sone 32,God,Meråker (N),1-50,Trøndelag (N)
K497194,16.06.2018,Sau,Spel,,15.06.2018,16.06.2018,Ja,Ukjent,Under 1 år,1,Dødt,Bjørn,Dokumentert,Utmark,1-5034,7028305,334838,7028305,334838,7032822,1294512,WGS84-UTM Sone 33,God,Meråker (N),1-50,Trøndelag (N)
K497195,16.06.2018,Sau,Spel,,15.06.2018,16.06.2018,Ja,Hunn,Voksen,1,Dødt,Bjørn,Dokumentert,Utmark,1-5034,7028271,334795,7028271,334795,7032789,1294469,WGS84-UTM Sone 33,God,Meråker (N),1-50,Trøndelag (N)
K497196,16.06.2018,Sau,Spel,,15.06.2018,16.06.2018,Ja,Hunn,Voksen,1,Skadd og avlivet,Bjørn,Dokumentert,Utmark,1-5034,7028513,334794,7028513,334794,7033031,1294471,WGS84-UTM Sone 33,God,Meråker (N),1-50,Trøndelag (N)
K497197,16.06.2018,Sau,Spel,,10.06.2018,13.06.2018,Ja,Hunn,Åring,1,Skadd og avlivet,Bjørn,Dokumentert,Utmark,1-5034,7027974,337461,7027974,337461,7032458,1297132,WGS84-UTM Sone 33,God,Meråker (N),1-50,Trøndelag (N)
K497978,08.07.2018,Sau,Spel,,24.06.2018,30.06.2018,Ja,Ukjent,Under 1 år,1,Dødt,Ukjent,Usikker,Utmark,1-5034,7026285,636232,7027589,335933,7032092,1295599,WGS84-UTM Sone 32,God,Meråker (N),1-50,Trøndelag (N)
K498025,10.07.2018,Sau,Spel,,09.07.2018,09.07.2018,Nei,Hunn,Åring,1,Dødt,Bjørn,Dokumentert,Utmark,1-5034,7025448,331266,7025448,331266,7030009,1290902,WGS84-UTM Sone 33,God,Meråker (N),1-50,Trøndelag (N)
K498026,10.07.2018,Sau,Spel,,09.07.2018,09.07.2018,Nei,Hunn,Under 1 år,1,Dødt,Bjørn,Dokumentert,Utmark,1-5034,7025441,331268,7025441,331268,7030002,1290904,WGS84-UTM Sone 33,God,Meråker (N),1-50,Trøndelag (N)
K498027,10.07.2018,Sau,Spel,,09.07.2018,10.07.2018,Ja,Hunn,Voksen,1,Dødt,Bjørn,Dokumentert,Utmark,1-5034,7025752,338430,7025752,338430,7030223,1298074,WGS84-UTM Sone 33,God,Meråker (N),1-50,Trøndelag (N)
K498028,10.07.2018,Sau,Spel,,09.07.2018,10.07.2018,Ja,Hunn,Under 1 år,1,Dødt,Bjørn,Dokumentert,Utmark,1-5034,7025802,338431,7025802,338431,7030273,1298076,WGS84-UTM Sone 33,God,Meråker (N),1-50,Trøndelag (N)
K498043,10.07.2018,Sau,Spel,,10.07.2018,10.07.2018,Nei,Hunn,Voksen,1,Skadd og avlivet,Bjørn,Dokumentert,Utmark,1-5034,7026934,338284,7026934,338284,7031407,1297943,WGS84-UTM Sone 33,God,Meråker (N),1-50,Trøndelag (N)
K498169,12.07.2018,Sau,Spel,,05.07.2018,09.07.2018,Ja,Hunn,Voksen,1,Dødt,Bjørn,Dokumentert,Utmark,1-5034,7026464,339295,7026464,339295,7030924,1298948,WGS84-UTM Sone 33,God,Meråker (N),1-50,Trøndelag (N)
K498170,12.07.2018,Sau,Spel,,02.07.2018,05.07.2018,Ja,Hunn,Under 1 år,1,Dødt,Ukjent,Usikker,Utmark,1-5034,7026537,338252,7026537,338252,7031010,1297906,WGS84-UTM Sone 33,God,Meråker (N),1-50,Trøndelag (N)
K498198,17.07.2018,Sau,Spel,,14.07.2018,16.07.2018,Ja,Hunn,Voksen,1,Skadd og avlivet,Bjørn,Dokumentert,Utmark,1-5034,7027911,337935,7027911,337935,7032389,1297606,WGS84-UTM Sone 33,God,Meråker (N),1-50,Trøndelag (N)
K498199,17.07.2018,Sau,Spel,,01.07.2018,10.07.2018,Ja,Ukjent,Under 1 år,1,Dødt,Ukjent,Usikker,Utmark,1-5034,7028635,337188,7028635,337188,7033123,1296868,WGS84-UTM Sone 33,God,Meråker (N),1-50,Trøndelag (N)
K498200,17.07.2018,Sau,Spel,,01.07.2018,10.07.2018,Ja,Hunn,Voksen,1,Dødt,Ukjent,Usikker,Utmark,1-5034,7024062,636483,7025352,335975,7029853,1295613,WGS84-UTM Sone 32,God,Meråker (N),1-50,Trøndelag (N)
K498206,10.07.2018,Sau,Spel,,01.07.2018,05.07.2018,Ja,Hunn,Voksen,1,Dødt,Bjørn,Antatt sikker,Utmark,1-5034,7026543,636390,7027831,336115,7032332,1295784,WGS84-UTM Sone 32,God,Meråker (N),1-50,Trøndelag (N)
K498207,12.07.2018,Sau,Spel,,20.06.2018,05.07.2018,Ja,Hunn,Voksen,1,Dødt,Bjørn,Usikker,Utmark,1-5034,7024442,632372,7026114,331918,7030667,1291563,WGS84-UTM Sone 32,God,Meråker (N),1-50,Trøndelag (N)
K498208,12.07.2018,Sau,Spel,,01.07.2018,05.07.2018,Ja,Hunn,Voksen,1,Dødt,Bjørn,Usikker,Utmark,1-5034,7026182,636880,7027426,336569,7031920,1296233,WGS84-UTM Sone 32,God,Meråker (N),1-50,Trøndelag (N)
K498209,13.07.2018,Sau,Spel,,09.07.2018,10.07.2018,Ja,Hunn,Åring,1,Dødt,Bjørn,Antatt sikker,Utmark,1-5034,7019586,633638,7021161,332724,7025701,1292308,WGS84-UTM Sone 32,God,Meråker (N),1-50,Trøndelag (N)
K498236,19.07.2018,Sau,Spel,,18.07.2018,18.07.2018,Nei,Hunn,Voksen,1,Dødt,Bjørn,Antatt sikker,Utmark,1-5034,7029972,637759,7031117,337799,7035598,1297510,WGS84-UTM Sone 32,God,Meråker (N),1-50,Trøndelag (N)
K497652,28.06.2018,Sau,Spel,,24.06.2018,25.06.2018,Ja,Hunn,Voksen,1,Dødt,Bjørn,Dokumentert,Utmark,1-5034,7028754,340813,7028754,340813,7033196,1300496,WGS84-UTM Sone 33,God,Meråker (N),1-50,Trøndelag (N)
K497653,28.06.2018,Sau,Spel,,24.06.2018,25.06.2018,Ja,Hunn,Voksen,1,Dødt,Bjørn,Dokumentert,Utmark,1-5034,7028139,342355,7028139,342355,7032561,1302031,WGS84-UTM Sone 33,God,Meråker (N),1-50,Trøndelag (N)
K497723,30.06.2018,Sau,Spel,,01.06.2018,12.06.2018,Ja,Hunn,Under 1 år,1,Skadd og avlivet,Ukjent fredet rovvilt,Antatt sikker,Utmark,1-5034,7026042,638289,7027154,337959,7031632,1297620,WGS84-UTM Sone 32,God,Meråker (N),1-50,Trøndelag (N)
K497730,01.07.2018,Sau,Spel,,30.06.2018,01.07.2018,Ja,Hunn,Åring,1,Skadd og avlivet,Bjørn,Dokumentert,Utmark,1-5034,7029671,339200,7029671,339200,7034134,1298894,WGS84-UTM Sone 33,God,Meråker (N),1-50,Trøndelag (N)
K497789,02.07.2018,Sau,Spel,,16.06.2018,27.06.2018,Ja,Ukjent,Under 1 år,1,Dødt,Ukjent,Usikker,Utmark,1-5034,7023718,337116,7023718,337116,7028204,1296734,WGS84-UTM Sone 33,God,Meråker (N),1-50,Trøndelag (N)
K497790,02.07.2018,Sau,Spel,,16.06.2018,20.06.2018,Ja,Hunn,Voksen,1,Dødt,Ukjent,Usikker,Utmark,1-5034,7023677,337014,7023677,337014,7028164,1296631,WGS84-UTM Sone 33,God,Meråker (N),1-50,Trøndelag (N)
K497796,02.07.2018,Sau,Spel,,16.06.2018,24.06.2018,Ja,Hunn,Under 1 år,1,Dødt,Bjørn,Usikker,Utmark,1-5034,7022951,638103,7024094,337485,7028576,1297107,WGS84-UTM Sone 32,God,Meråker (N),1-50,Trøndelag (N)
K497797,02.07.2018,Sau,Spel,,16.06.2018,20.06.2018,Ja,Hunn,Voksen,1,Dødt,Ukjent,Usikker,Utmark,1-5034,7023984,337107,7023984,337107,7028470,1296728,WGS84-UTM Sone 33,God,Meråker (N),1-50,Trøndelag (N)
K497798,02.07.2018,Sau,Spel,,30.06.2018,01.07.2018,Nei,Hunn,Voksen,1,Skadd og avlivet,Bjørn,Dokumentert,Utmark,1-5034,7025179,338593,7025179,338593,7029647,1298230,WGS84-UTM Sone 33,God,Meråker (N),1-50,Trøndelag (N)
K497799,02.07.2018,Sau,Spel,,30.06.2018,01.07.2018,Nei,Hann,Under 1 år,1,Dødt,Bjørn,Dokumentert,Utmark,1-5034,7025012,338348,7025012,338348,7029483,1297983,WGS84-UTM Sone 33,God,Meråker (N),1-50,Trøndelag (N)
K497814,03.07.2018,Sau,Spel,,01.07.2018,02.07.2018,Ja,Hunn,Voksen,1,Skadd og avlivet,Bjørn,Dokumentert,Utmark,1-5034,7028099,335980,7028099,335980,7032602,1295652,WGS84-UTM Sone 33,God,Meråker (N),1-50,Trøndelag (N)
K497815,03.07.2018,Sau,Spel,,03.07.2018,03.07.2018,Nei,Hunn,Åring,1,Skadd og avlivet,Bjørn,Dokumentert,Utmark,1-5034,7031742,338319,7031742,338319,7036217,1298038,WGS84-UTM Sone 33,God,Meråker (N),1-50,Trøndelag (N)
K497827,03.07.2018,Sau,Spel,,01.07.2018,02.07.2018,Nei,Hunn,Under 1 år,1,Dødt,Bjørn,Dokumentert,Utmark,1-5034,7031983,338053,7031983,338053,7036462,1297775,WGS84-UTM Sone 33,God,Meråker (N),1-50,Trøndelag (N)
K511905,10.08.2020,Sau,Spel,,04.07.2020,07.07.2020,Ja,Hunn,Voksen,1,Dødt,Ukjent,Usikker,Utmark,1-5034,7031255,637738,7032397,337898,7036877,1297625,WGS84-UTM Sone 32,God,Meråker (N),1-50,Trøndelag (N)
K511433,19.07.2020,Sau,Spel,,17.07.2020,18.07.2020,Ja,Hunn,Under 1 år,1,Dødt,Jerv,Dokumentert,Utmark,1-5034,7018071,335499,7018071,335499,7022575,1295045,WGS84-UTM Sone 33,God,Meråker (N),1-50,Trøndelag (N)
K511439,24.07.2020,Sau,Spel,,23.07.2020,24.07.2020,Nei,Hunn,Under 1 år,1,Dødt,Bjørn,Dokumentert,Utmark,1-5034,7031339,337246,7031339,337246,7035827,1296960,WGS84-UTM Sone 33,God,Meråker (N),1-50,Trøndelag (N)
K511440,25.07.2020,Sau,Spel,,24.07.2020,25.07.2020,Nei,Hunn,Voksen,1,Dødt,Bjørn,Dokumentert,Utmark,1-5034,7031244,338141,7031244,338141,7035721,1297854,WGS84-UTM Sone 33,God,Meråker (N),1-50,Trøndelag (N)
K511441,25.07.2020,Sau,Spel,,24.07.2020,25.07.2020,Nei,Hunn,Voksen,1,Dødt,Bjørn,Dokumentert,Utmark,1-5034,7031246,338407,7031246,338407,7035720,1298120,WGS84-UTM Sone 33,God,Meråker (N),1-50,Trøndelag (N)
K511497,25.07.2020,Sau,Spel,,25.07.2020,25.07.2020,Nei,Hunn,Åring,1,Skadd og avlivet,Bjørn,Dokumentert,Utmark,1-5034,7029420,639420,7030212,339298,7034674,1298998,ED50-UTM Sone 32,God,Meråker (N),1-50,Trøndelag (N)
K511566,28.07.2020,Sau,Spel,,25.07.2020,25.07.2020,Nei,Hunn,Åring,1,Skadd og avlivet,Bjørn,Dokumentert,Utmark,1-5034,7030735,339886,7030735,339886,7035190,1299593,WGS84-UTM Sone 33,God,Meråker (N),1-50,Trøndelag (N)
K512090,17.08.2020,Sau,Spel,,11.08.2020,13.08.2020,Ja,Ukjent,Under 1 år,1,Dødt,Ukjent fredet rovvilt,Antatt sikker,Utmark,1-5034,7027242,340840,7027242,340840,7031683,1300504,WGS84-UTM Sone 33,God,Meråker (N),1-50,Trøndelag (N)
K512091,17.08.2020,Sau,Spel,,08.08.2020,13.08.2020,Ja,Ukjent,Under 1 år,1,Dødt,Ukjent,Usikker,Utmark,1-5034,7027205,340840,7027205,340840,7031646,1300503,WGS84-UTM Sone 33,God,Meråker (N),1-50,Trøndelag (N)
K512194,20.08.2020,Sau,Spel,,20.07.2020,10.08.2020,Ja,Ukjent,Under 1 år,1,Dødt,Ukjent,Usikker,Utmark,1-5034,7027981,638734,7029044,338583,7033514,1298269,WGS84-UTM Sone 32,God,Meråker (N),1-50,Trøndelag (N)
K512287,21.08.2020,Sau,Spel,,10.08.2020,18.08.2020,Ja,Hunn,Åring,1,Skadd og avlivet,Ukjent,Usikker,Utmark,1-5034,7027123,340956,7027123,340956,7031563,1300618,WGS84-UTM Sone 33,God,Meråker (N),1-50,Trøndelag (N)
K512176,19.08.2020,Sau,Annet,Svartfjes,15.07.2020,01.08.2020,Ja,Hann,Under 1 år,1,Dødt,Ukjent,Usikker,Utmark,1-5034,7047028,646872,7047247,348468,7051602,1308388,WGS84-UTM Sone 32,God,Meråker (N),1-50,Trøndelag (N)
K506333,21.10.2019,Sau,Annet,Svartfjes,24.06.2019,30.08.2019,Ja,Hunn,Voksen,1,Dødt,Ukjent,Usikker,Utmark,1-5034,7044720,646990,7044938,348369,7049293,1308260,WGS84-UTM Sone 32,God,Meråker (N),1-50,Trøndelag (N)
K504219,27.07.2019,Sau,,,18.07.2019,23.07.2019,Ja,Ukjent,Under 1 år,1,Dødt,Ukjent,Usikker,Utmark,1-5034,7045457,647313,7045641,348760,7049992,1308659,WGS84-UTM Sone 32,God,Meråker (N),1-50,Trøndelag (N)
K504501,04.08.2019,Sau,Annet,Svartfjes,20.07.2019,28.07.2019,Ja,Hunn,Under 1 år,1,Skadd og ikke avlivet,Ulv,Antatt sikker,Utmark,1-5034,7048674,644031,7049151,345793,7053541,1305736,WGS84-UTM Sone 32,God,Meråker (N),1-50,Trøndelag (N)
K504095,23.07.2019,Sau,Annet,Svartfjes,14.07.2019,16.07.2019,Ja,Hunn,Åring,1,Dødt,Ukjent,Usikker,Utmark,1-5034,7045435,646943,7045654,348389,7050009,1308289,WGS84-UTM Sone 32,God,Meråker (N),1-50,Trøndelag (N)
K504146,24.07.2019,Sau,Spel,,21.07.2019,23.07.2019,Ja,Ukjent,Under 1 år,1,Dødt,Ulv,Antatt sikker,Utmark,1-5034,7056090,643722,7056564,346180,7060952,1306216,WGS84-UTM Sone 32,God,Meråker (N),1-50,Trøndelag (N)
K504147,24.07.2019,Sau,Spel,,21.07.2019,23.07.2019,Ja,Ukjent,Under 1 år,1,Dødt,Ulv,Antatt sikker,Utmark,1-5034,7056086,643752,7056557,346210,7060945,1306246,WGS84-UTM Sone 32,God,Meråker (N),1-50,Trøndelag (N)
K504367,20.07.2019,Sau,,,01.07.2019,14.07.2019,Ja,Ukjent,Under 1 år,1,Dødt,Ulv,Antatt sikker,Utmark,1-5034,7057949,640355,7058730,343002,7063160,1303064,WGS84-UTM Sone 32,God,Meråker (N),1-50,Trøndelag (N)
K473390,15.10.2016,Sau,Norsk kvit sau,,15.07.2016,15.09.2016,Ja,Hunn,Voksen,1,Dødt,Ukjent,Usikker,Utmark,1-5034,7028033,643254,7028472,342986,7032887,1302666,ED50-UTM Sone 32,God,Meråker (N),1-50,Trøndelag (N)
K472757,01.10.2016,Sau,Norsk kvit sau,,01.10.2016,01.10.2016,Nei,Hunn,Under 1 år,1,Dødt,Ulv,Antatt sikker,Innmark,1-5034,7026620,351961,7026620,351961,7030921,1311623,WGS84-UTM Sone 33,God,Meråker (N),1-50,Trøndelag (N)
K472758,01.10.2016,Sau,Spel,,01.10.2016,01.10.2016,Nei,Hunn,Under 1 år,1,Skadd og avlivet,Ulv,Antatt sikker,Innmark,1-5034,7026628,352031,7026628,352031,7030928,1311693,WGS84-UTM Sone 33,God,Meråker (N),1-50,Trøndelag (N)
K472759,01.10.2016,Sau,Norsk kvit sau,,01.10.2016,01.10.2016,Nei,Hunn,Under 1 år,1,Skadd og avlivet,Ulv,Antatt sikker,Innmark,1-5034,7026633,351982,7026633,351982,7030933,1311644,WGS84-UTM Sone 33,God,Meråker (N),1-50,Trøndelag (N)
K472760,01.10.2016,Sau,Spel,,01.10.2016,01.10.2016,Nei,Hunn,Under 1 år,1,Skadd og avlivet,Ulv,Antatt sikker,Innmark,1-5034,7026660,351980,7026660,351980,7030961,1311642,WGS84-UTM Sone 33,God,Meråker (N),1-50,Trøndelag (N)
K472761,01.10.2016,Sau,Spel,,01.10.2016,01.10.2016,Nei,Hann,Under 1 år,1,Skadd og avlivet,Ulv,Antatt sikker,Innmark,1-5034,7026677,351996,7026677,351996,7030977,1311658,WGS84-UTM Sone 33,God,Meråker (N),1-50,Trøndelag (N)
K472762,01.10.2016,Sau,Spel,,01.10.2016,01.10.2016,Nei,Hunn,Under 1 år,1,Skadd og avlivet,Ulv,Antatt sikker,Innmark,1-5034,7026578,351984,7026578,351984,7030878,1311645,WGS84-UTM Sone 33,God,Meråker (N),1-50,Trøndelag (N)
K472763,01.10.2016,Sau,Spel,,01.10.2016,01.10.2016,Nei,Hunn,Under 1 år,1,Skadd og avlivet,Ulv,Antatt sikker,Innmark,1-5034,7026577,351983,7026577,351983,7030877,1311644,WGS84-UTM Sone 33,God,Meråker (N),1-50,Trøndelag (N)
K472864,03.10.2016,Sau,Norsk kvit sau,,01.10.2016,01.10.2016,Nei,Hunn,Under 1 år,1,Skadd og avlivet,Ulv,Antatt sikker,Innmark,1-5034,7026640,352045,7026640,352045,7030940,1311707,WGS84-UTM Sone 33,God,Meråker (N),1-50,Trøndelag (N)
K469951,09.07.2016,Sau,,,03.07.2016,06.07.2016,Ja,Hann,Under 1 år,1,Dødt,Bjørn,Dokumentert,Utmark,1-5034,7024011,351208,7024011,351208,7028320,1310836,WGS84-UTM Sone 33,Særs god,Meråker (N),1-50,Trøndelag (N)
K469952,09.07.2016,Sau,Norsk kvit sau,,03.07.2016,06.07.2016,Ja,Hunn,Voksen,1,Dødt,Bjørn,Dokumentert,Utmark,1-5034,7023849,351144,7023849,351144,7028159,1310770,WGS84-UTM Sone 33,Særs god,Meråker (N),1-50,Trøndelag (N)
K469953,09.07.2016,Sau,Norsk kvit sau,,03.07.2016,06.07.2016,Ja,Hunn,Voksen,1,Dødt,Bjørn,Dokumentert,Utmark,1-5034,7024000,351200,7024000,351200,7028309,1310828,WGS84-UTM Sone 33,Særs god,Meråker (N),1-50,Trøndelag (N)
K469957,10.07.2016,Sau,Norsk kvit sau,,03.07.2016,06.07.2016,Ja,Ukjent,Under 1 år,1,Dødt,Ukjent,Usikker,Utmark,1-5034,7024100,351200,7024100,351200,7028409,1310829,WGS84-UTM Sone 33,Mindre god,Meråker (N),1-50,Trøndelag (N)
K470047,13.07.2016,Sau,Spel,,03.07.2016,08.07.2016,Ja,Hunn,Åring,1,Dødt,Bjørn,Antatt sikker,Utmark,1-5034,7022124,649989,7022160,349242,7026493,1308846,WGS84-UTM Sone 32,God,Meråker (N),1-50,Trøndelag (N)
K471016,14.07.2016,Sau,Spel,,01.07.2016,10.07.2016,Ja,Ukjent,Under 1 år,1,Dødt,Ukjent,Usikker,Utmark,1-5034,7023800,351100,7023800,351100,7028110,1310726,WGS84-UTM Sone 33,Mindre god,Meråker (N),1-50,Trøndelag (N)
K471017,27.07.2016,Sau,,,01.07.2016,20.07.2016,Ja,Ukjent,Under 1 år,1,Dødt,Ukjent,Usikker,Utmark,1-5034,7024300,649900,7024335,349357,7028667,1308988,WGS84-UTM Sone 32,Mindre god,Meråker (N),1-50,Trøndelag (N)
K470638,22.07.2016,Sau,Spel,,17.07.2016,19.07.2016,Ja,Hunn,Voksen,1,Dødt,Bjørn,Dokumentert,Utmark,1-5034,7027062,645437,7027502,345171,7031889,1304841,WGS84-UTM Sone 32,God,Meråker (N),1-50,Trøndelag (N)
K504284,30.07.2019,Sau,Norsk kvit sau,,25.07.2019,26.07.2019,Nei,Hunn,Åring,1,Dødt,Ulv,Dokumentert,Utmark,1-5034,7054699,642768,7055268,345100,7059670,1305119,WGS84-UTM Sone 32,God,Meråker (N),1-50,Trøndelag (N)
K471210,12.08.2016,Sau,Norsk kvit sau,,11.08.2016,12.08.2016,Ja,Hunn,Voksen,1,Dødt,Bjørn,Dokumentert,Utmark,1-5034,7026366,641257,7027200,340944,7031639,1300608,WGS84-UTM Sone 32,Særs god,Meråker (N),1-50,Trøndelag (N)
K470920,05.08.2016,Sau,Norsk kvit sau,,03.08.2016,04.08.2016,Ja,Hunn,Voksen,1,Dødt,Bjørn,Dokumentert,Utmark,1-5034,7016875,639439,7017919,338247,7022388,1297793,WGS84-UTM Sone 32,Særs god,Meråker (N),1-50,Trøndelag (N)
K479577,24.08.2017,Sau,Norsk kvit sau,,18.08.2017,19.08.2017,Ja,Hunn,Voksen,1,Dødt,Bjørn,Dokumentert,Utmark,1-5034,7023904,638442,7025011,337911,7029488,1297546,WGS84-UTM Sone 32,Meget god,Meråker (N),1-50,Trøndelag (N)
K478587,27.07.2017,Sau,Norsk kvit sau,,25.07.2017,26.07.2017,Ja,Hunn,Åring,1,Dødt,Bjørn,Dokumentert,Utmark,1-5034,7022622,640609,7023532,339949,7027983,1299566,WGS84-UTM Sone 32,Meget god,Meråker (N),1-50,Trøndelag (N)
K498532,31.07.2018,Sau,Norsk kvit sau,,31.07.2018,31.07.2018,Nei,Hunn,Voksen,1,Dødt,Bjørn,Dokumentert,Utmark,1-5034,7021885,330395,7021885,330395,7026455,1289986,WGS84-UTM Sone 33,God,Meråker (N),1-50,Trøndelag (N)
K497830,03.07.2018,Sau,Annet,Villsau,18.06.2018,01.07.2018,Ja,Hunn,Voksen,1,Dødt,Bjørn,Antatt sikker,Utmark,1-5034,7012133,334588,7012133,334588,7016645,1294059,WGS84-UTM Sone 33,God,Meråker (N),1-50,Trøndelag (N)
K497858,03.07.2018,Sau,Norsk kvit sau,,18.06.2018,01.07.2018,Ja,Hunn,Voksen,1,Skadd og avlivet,Bjørn,Antatt sikker,Utmark,1-5034,7011991,334348,7011991,334348,7016506,1293817,WGS84-UTM Sone 33,God,Meråker (N),1-50,Trøndelag (N)
K497895,04.07.2018,Sau,Annet,Villsau,23.06.2018,02.07.2018,Ja,Hunn,Voksen,1,Skadd og avlivet,Bjørn,Antatt sikker,Utmark,1-5034,7010144,636801,7011463,334992,7015970,1294454,WGS84-UTM Sone 32,God,Meråker (N),1-50,Trøndelag (N)
K497395,21.06.2018,Sau,Norsk kvit sau,,19.06.2018,19.06.2018,Nei,Hunn,Voksen,1,Dødt,Bjørn,Dokumentert,Utmark,1-5034,7039750,333482,7039750,333482,7044290,1293300,WGS84-UTM Sone 33,God,Meråker (N),1-50,Trøndelag (N)
K497507,22.06.2018,Sau,Norsk kvit sau,,19.06.2018,21.06.2018,Ja,Hunn,Voksen,1,Dødt,Bjørn,Dokumentert,Utmark,1-5034,7040436,335092,7040436,335092,7044956,1294919,WGS84-UTM Sone 33,God,Meråker (N),1-50,Trøndelag (N)
K470654,30.07.2016,Sau,Norsk kvit sau,,20.07.2016,24.07.2016,Ja,Hunn,Voksen,1,Dødt,Bjørn,Antatt sikker,Utmark,1-5034,7029519,633808,7031035,333822,7035567,1293530,WGS84-UTM Sone 32,Meget god,Meråker (N),1-50,Trøndelag (N)
K471031,02.08.2016,Sau,Norsk kvit sau,,01.07.2016,24.07.2016,Ja,Hunn,Voksen,1,Dødt,Ukjent,Usikker,Utmark,1-5034,7030737,634262,7032206,334388,7036731,1294111,WGS84-UTM Sone 32,God,Meråker (N),1-50,Trøndelag (N)
K469817,07.07.2016,Sau,Spel,,04.07.2016,06.07.2016,Ja,Hunn,Under 1 år,1,Skadd og avlivet,Bjørn,Dokumentert,Utmark,1-5034,7025425,644250,7025983,343836,7030386,1303486,WGS84-UTM Sone 32,Mindre god,Meråker (N),1-50,Trøndelag (N)
K469784,06.07.2016,Sau,Spel,,05.07.2016,06.07.2016,Ja,Hunn,Voksen,1,Dødt,Bjørn,Dokumentert,Utmark,1-5034,7025251,644503,7025786,344072,7030186,1303719,WGS84-UTM Sone 32,Særs god,Meråker (N),1-50,Trøndelag (N)
K469785,06.07.2016,Sau,Spel,,05.07.2016,06.07.2016,Ja,Hunn,Voksen,1,Skadd og ikke avlivet,Bjørn,Antatt sikker,Utmark,1-5034,7024186,642906,7024875,342382,7029295,1302017,WGS84-UTM Sone 32,God,Meråker (N),1-50,Trøndelag (N)
K469786,06.07.2016,Sau,Spel,,05.07.2016,06.07.2016,Ja,Hunn,Åring,1,Skadd og ikke avlivet,Bjørn,Dokumentert,Utmark,1-5034,7025363,644150,7025931,343731,7030335,1303380,WGS84-UTM Sone 32,God,Meråker (N),1-50,Trøndelag (N)
K477491,23.06.2017,Sau,Spel,,23.06.2017,23.06.2017,Nei,Hunn,Voksen,1,Dødt,Bjørn,Dokumentert,Utmark,1-5034,7024292,643084,7024964,342570,7029382,1302206,WGS84-UTM Sone 32,Særs god,Meråker (N),1-50,Trøndelag (N)
K498649,06.08.2018,Sau,Spel,,06.08.2018,06.08.2018,Nei,Hunn,Voksen,1,Skadd og avlivet,Bjørn,Dokumentert,Utmark,1-5034,7025801,342256,7025801,342256,7030224,1301902,WGS84-UTM Sone 33,God,Meråker (N),1-50,Trøndelag (N)
K499999,14.09.2018,Sau,Norsk kvit sau,,02.09.2018,04.09.2018,Ja,Hunn,Voksen,1,Dødt,Ukjent,Usikker,Utmark,1-5034,7040437,338758,7040437,338758,7044911,1298587,WGS84-UTM Sone 33,God,Meråker (N),1-50,Trøndelag (N)
K480436,22.09.2017,Sau,Norsk kvit sau,,21.09.2017,21.09.2017,Nei,Hunn,Voksen,1,Dødt,Bjørn,Dokumentert,Utmark,1-5034,7037203,639358,7038167,340067,7042624,1299868,WGS84-UTM Sone 32,Meget god,Meråker (N),1-50,Trøndelag (N)
K517674,12.08.2021,Sau,Norsk kvit sau,,06.08.2021,08.08.2021,Ja,Hann,Under 1 år,1,Dødt,Hund,Antatt sikker,Utmark,1-5034,7037026,338941,7037026,338941,7041496,1298727,WGS84-UTM Sone 33,God,Meråker (N),1-50,Trøndelag (N)
K517403,04.08.2021,Sau,Spel,,10.07.2021,20.07.2021,Ja,Ukjent,Under 1 år,1,Dødt,Ukjent,Usikker,Utmark,1-5034,7054847,646136,7055100,348467,7059459,1308486,WGS84-UTM Sone 32,God,Meråker (N),1-50,Trøndelag (N)
K516278,19.06.2021,Sau,Spel,,16.06.2021,18.06.2021,Nei,Ukjent,Under 1 år,1,Dødt,Ukjent fredet rovvilt,Dokumentert,Utmark,1-5034,7052248,346298,7052248,346298,7056633,1306280,WGS84-UTM Sone 33,God,Meråker (N),1-50,Trøndelag (N)
K504439,02.08.2019,Sau,Spel,,30.07.2019,01.08.2019,Ja,Ukjent,Under 1 år,1,Dødt,Ulv,Dokumentert,Utmark,1-5034,7053711,647130,7053876,349350,7058223,1309354,WGS84-UTM Sone 32,God,Meråker (N),1-50,Trøndelag (N)
K504811,11.08.2019,Sau,Spel,,01.08.2019,06.08.2019,Ja,Ukjent,Under 1 år,1,Dødt,Ukjent,Usikker,Utmark,1-5034,7052851,647050,7053027,349190,7057376,1309183,WGS84-UTM Sone 32,God,Meråker (N),1-50,Trøndelag (N)
K465647,09.09.2015,Sau,Spel,,09.09.2015,09.09.2015,Ja,Ukjent,Under 1 år,1,Dødt,Jerv,Dokumentert,Utmark,1-5034,7053777,643936,7054241,346177,7058628,1306183,WGS84-UTM Sone 32,God,Meråker (N),1-50,Trøndelag (N)
K465650,09.09.2015,Sau,Spel,,09.09.2015,09.09.2015,Ja,Ukjent,Under 1 år,1,Dødt,Jerv,Dokumentert,Utmark,1-5034,7053806,643835,7054279,346079,7058668,1306086,WGS84-UTM Sone 32,God,Meråker (N),1-50,Trøndelag (N)
K465671,12.09.2015,Sau,Spel,,12.09.2015,12.09.2015,Ja,Ukjent,Under 1 år,1,Dødt,Jerv,Dokumentert,Utmark,1-5034,7054653,645917,7054928,348231,7059289,1308248,WGS84-UTM Sone 32,God,Meråker (N),1-50,Trøndelag (N)
K465907,11.09.2015,Sau,Spel,,11.09.2015,11.09.2015,Ja,Ukjent,Under 1 år,1,Dødt,Jerv,Dokumentert,Utmark,1-5034,7053547,645769,7053840,347980,7058205,1307983,WGS84-UTM Sone 32,God,Meråker (N),1-50,Trøndelag (N)
K505878,24.09.2019,Sau,Norsk kvit sau,,23.09.2019,24.09.2019,Ja,Hunn,Åring,1,Dødt,Jerv,Dokumentert,Utmark,1-5034,7048987,336211,7048987,336211,7053497,1296147,WGS84-UTM Sone 33,God,Meråker (N),1-50,Trøndelag (N)
K504625,01.08.2019,Sau,Norsk kvit sau,,29.07.2019,29.07.2019,Nei,Hunn,Under 1 år,1,Dødt,Ukjent,Usikker,Utmark,1-5034,7049651,359412,7049651,359412,7053869,1319367,WGS84-UTM Sone 33,God,Meråker (N),1-50,Trøndelag (N)
K505369,08.09.2019,Sau,Norsk kvit sau,,30.08.2019,03.09.2019,Ja,Hunn,Under 1 år,1,Skadd og avlivet,Ulv,Antatt sikker,Utmark,1-5034,7048580,641159,7049327,342925,7053753,1302868,WGS84-UTM Sone 32,God,Meråker (N),1-50,Trøndelag (N)
K505506,10.09.2019,Sau,Norsk kvit sau,,01.09.2019,07.09.2019,Ja,Hann,Under 1 år,1,Skadd og avlivet,Ulv,Antatt sikker,Utmark,1-5034,7049517,343276,7049517,343276,7053939,1303222,WGS84-UTM Sone 33,God,Meråker (N),1-50,Trøndelag (N)
K505507,08.09.2019,Sau,Norsk kvit sau,,01.09.2019,05.09.2019,Ja,Hunn,Under 1 år,1,Skadd og avlivet,Ulv,Dokumentert,Utmark,1-5034,7048715,642638,7049323,344410,7053730,1304354,WGS84-UTM Sone 32,God,Meråker (N),1-50,Trøndelag (N)
K505508,08.09.2019,Sau,Norsk kvit sau,,01.09.2019,05.09.2019,Ja,Hunn,Under 1 år,1,Skadd og avlivet,Ulv,Antatt sikker,Utmark,1-5034,7048471,642677,7049076,344426,7053483,1304367,WGS84-UTM Sone 32,God,Meråker (N),1-50,Trøndelag (N)
K505509,08.09.2019,Sau,Norsk kvit sau,,01.09.2019,05.09.2019,Ja,Hunn,Voksen,1,Skadd og ikke avlivet,Ulv,Antatt sikker,Utmark,1-5034,7048228,641010,7048990,342744,7053418,1302683,WGS84-UTM Sone 32,God,Meråker (N),1-50,Trøndelag (N)
K505511,08.09.2019,Sau,Norsk kvit sau,,01.09.2019,05.09.2019,Ja,Hunn,Voksen,1,Skadd og ikke avlivet,Ulv,Antatt sikker,Utmark,1-5034,7049897,342688,7049897,342688,7054326,1302638,WGS84-UTM Sone 33,God,Meråker (N),1-50,Trøndelag (N)
K505189,31.08.2019,Sau,Norsk kvit sau,,29.08.2019,30.08.2019,Nei,Hann,Under 1 år,1,Skadd og avlivet,Ulv,Dokumentert,Utmark,1-5034,7049110,640774,7049890,342591,7054321,1302541,WGS84-UTM Sone 32,God,Meråker (N),1-50,Trøndelag (N)
K511011,11.07.2020,Sau,Norsk kvit sau,,03.07.2020,09.07.2020,Ja,Hunn,Voksen,1,Dødt,Ukjent,Usikker,Utmark,1-5034,7049205,342839,7049205,342839,7053632,1302781,WGS84-UTM Sone 33,God,Meråker (N),1-50,Trøndelag (N)
K512067,14.08.2020,Sau,Norsk kvit sau,,10.08.2020,13.08.2020,Ja,Hann,Under 1 år,1,Dødt,Jerv,Dokumentert,Utmark,1-5034,7046346,338863,7046346,338863,7050822,1298767,WGS84-UTM Sone 33,God,Meråker (N),1-50,Trøndelag (N)
K471022,09.08.2016,Sau,Norsk kvit sau,,25.07.2016,02.08.2016,Ja,Hunn,Under 1 år,1,Skadd og avlivet,Ukjent fredet rovvilt,Antatt sikker,Utmark,1-5034,7045451,641549,7046175,343020,7050598,1302924,WGS84-UTM Sone 32,God,Meråker (N),1-50,Trøndelag (N)
K479022,08.08.2017,Sau,Norsk kvit sau,,07.08.2017,08.08.2017,Nei,Hunn,Voksen,1,Dødt,Ukjent,Usikker,Utmark,1-5034,7046366,642448,7047002,344001,7051413,1303916,WGS84-UTM Sone 32,Særs god,Meråker (N),1-50,Trøndelag (N)
K504049,07.07.2019,Sau,Norsk kvit sau,,10.06.2019,30.06.2019,Ja,Hann,Under 1 år,1,Dødt,Ukjent,Usikker,Utmark,1-5034,7045382,639856,7046265,341328,7050709,1301232,WGS84-UTM Sone 32,God,Meråker (N),1-50,Trøndelag (N)
K504089,21.07.2019,Sau,Norsk kvit sau,,21.07.2019,21.07.2019,Nei,Hunn,Under 1 år,1,Dødt,Ulv,Dokumentert,Utmark,1-5034,7048536,646451,7048787,348190,7053147,1308129,WGS84-UTM Sone 32,Meget god,Meråker (N),1-50,Trøndelag (N)
K503742,09.07.2019,Sau,Norsk kvit sau,,27.06.2019,28.06.2019,Ja,Hunn,Åring,1,Dødt,Ukjent,Usikker,Utmark,1-5034,7049759,647882,7049871,349729,7054211,1309683,WGS84-UTM Sone 32,God,Meråker (N),1-50,Trøndelag (N)
K479953,01.09.2017,Sau,Norsk kvit sau,,15.08.2017,01.09.2017,Ja,Ukjent,Ukjent,1,Dødt,Ukjent,Usikker,Utmark,1-5034,7047352,348569,7047352,348569,7051706,1308490,WGS84-UTM Sone 33,God,Meråker (N),1-50,Trøndelag (N)
K472273,03.09.2016,Sau,Norsk kvit sau,,10.08.2016,30.08.2016,Ja,Hunn,Voksen,1,Dødt,Ukjent,Usikker,Utmark,1-5034,7053119,351341,7053119,351341,7057441,1311336,WGS84-UTM Sone 33,Mindre god,Meråker (N),1-50,Trøndelag (N)
K470916,06.08.2016,Sau,Norsk kvit sau,,04.08.2016,05.08.2016,Ja,Hunn,Voksen,1,Dødt,Ulykke,Dokumentert,Utmark,1-5034,7050182,648847,7050202,350729,7054530,1310688,WGS84-UTM Sone 32,Særs god,Meråker (N),1-50,Trøndelag (N)
K470918,06.08.2016,Sau,Norsk kvit sau,,02.08.2016,04.08.2016,Ja,Ukjent,Under 1 år,1,Dødt,Jerv,Dokumentert,Utmark,1-5034,7051230,353013,7051230,353013,7055530,1312985,WGS84-UTM Sone 33,Særs god,Meråker (N),1-50,Trøndelag (N)
K465910,22.09.2015,Sau,Norsk kvit sau,,17.09.2015,17.09.2015,Ja,Hunn,Under 1 år,1,Dødt,Jerv,Dokumentert,Utmark,1-5034,7050091,648293,7050163,350169,7054498,1310127,WGS84-UTM Sone 32,God,Meråker (N),1-50,Trøndelag (N)
K465911,22.09.2015,Sau,Norsk kvit sau,,22.09.2015,22.09.2015,Ja,Ukjent,Under 1 år,1,Dødt,Jerv,Antatt sikker,Utmark,1-5034,7049995,648230,7050073,350098,7054409,1310054,WGS84-UTM Sone 32,God,Meråker (N),1-50,Trøndelag (N)
K465654,11.09.2015,Sau,Norsk kvit sau,,11.09.2015,11.09.2015,Ja,Hunn,Under 1 år,1,Dødt,Jerv,Dokumentert,Utmark,1-5034,7052302,352526,7052302,352526,7056608,1312512,WGS84-UTM Sone 33,God,Meråker (N),1-50,Trøndelag (N)
K465655,10.09.2015,Sau,Spel,,10.09.2015,10.09.2015,Ja,Hunn,Under 1 år,1,Dødt,Jerv,Dokumentert,Utmark,1-5034,7052441,353051,7052441,353051,7056741,1313039,WGS84-UTM Sone 33,God,Meråker (N),1-50,Trøndelag (N)
K465670,10.09.2015,Sau,Norsk kvit sau,,10.09.2015,10.09.2015,Ja,Ukjent,Under 1 år,1,Dødt,Jerv,Dokumentert,Utmark,1-5034,7052491,353095,7052491,353095,7056790,1313083,WGS84-UTM Sone 33,God,Meråker (N),1-50,Trøndelag (N)
K464965,21.08.2015,Sau,Norsk kvit sau,,21.08.2015,21.08.2015,Ja,Hann,Voksen,1,Dødt,Ukjent,Usikker,Innmark,1-5034,7037991,631606,7039677,332422,7044231,1292238,WGS84-UTM Sone 32,God,Meråker (N),1-50,Trøndelag (N)
K470063,12.07.2016,Sau,,,09.07.2016,11.07.2016,Ja,Hunn,Under 1 år,1,Dødt,Bjørn,Dokumentert,Utmark,1-5034,7051385,353744,7051385,353744,7055675,1313719,WGS84-UTM Sone 33,Meget god,Meråker (N),1-50,Trøndelag (N)
K505190,31.08.2019,Sau,Norsk kvit sau,,26.08.2019,29.08.2019,Ja,Hann,Under 1 år,1,Dødt,Ukjent,Usikker,Utmark,1-5034,7049908,646517,7050147,348384,7054505,1308340,WGS84-UTM Sone 32,God,Meråker (N),1-50,Trøndelag (N)
K505233,02.09.2019,Sau,Norsk kvit sau,,02.09.2019,02.09.2019,Nei,Hann,Under 1 år,1,Dødt,Ulv,Antatt sikker,Utmark,1-5034,7049600,646000,7049889,347840,7054253,1307793,WGS84-UTM Sone 32,God,Meråker (N),1-50,Trøndelag (N)
K506455,25.10.2019,Sau,Norsk kvit sau,,01.07.2019,31.08.2019,Ja,Ukjent,Under 1 år,1,Dødt,Ukjent,Usikker,Utmark,1-5034,7050154,648512,7050205,350393,7054537,1310351,WGS84-UTM Sone 32,God,Meråker (N),1-50,Trøndelag (N)